Date,Sigma,rate,QQQ,QQQ DIV
3/11/1999,24.370001,4.77,51.4375,0
3/12/1999,24.84,4.76,51.125,0
3/15/1999,25.24,4.76,50.4375,0
3/16/1999,25.15,4.74,51.71875,0
3/17/1999,25.57,4.74,51.9375,0
3/18/1999,24.129999,4.72,51.5,0
3/19/1999,24.32,4.73,53.25,0
3/22/1999,25,4.77,51.4375,0
3/23/1999,27.27,4.74,50.3125,0
3/24/1999,26.6,4.73,49.25,0
3/25/1999,24.33,4.77,51.25,0
3/26/1999,24.040001,4.74,51.875,0
3/29/1999,23.540001,4.75,52.375,0
3/30/1999,22.73,4.72,53.5625,0
3/31/1999,23.26,4.72,54.125,0
4/1/1999,22.059999,4.73,54,0
4/2/1999,22.059999,4.67,54,0
4/5/1999,22.190001,4.67,54.429688,0
4/6/1999,22.65,4.66,55.4375,0
4/7/1999,22.809999,4.69,56.125,0
4/8/1999,22.59,4.64,54.9375,0
4/9/1999,21.77,4.63,55.375,0
4/12/1999,21.93,4.66,54.5,0
4/13/1999,22.73,4.66,55.78125,0
4/14/1999,24.940001,4.65,55.375,0
4/15/1999,23.93,4.66,53,0
4/16/1999,23.9,4.71,53.40625,0
4/19/1999,26.42,4.69,52.3125,0
4/20/1999,25.02,4.67,49.3125,0
4/21/1999,23.309999,4.68,51.125,0
4/22/1999,22.620001,4.73,53.65625,0
4/23/1999,22.76,4.71,54.3125,0
4/26/1999,23.530001,4.72,55.6875,0
4/27/1999,23.360001,4.74,57,0
4/28/1999,24.4,4.75,55.25,0
4/29/1999,25.059999,4.68,53.5625,0
4/30/1999,25.07,4.78,54.125,0
5/3/1999,24.15,4.79,53.5625,0
5/4/1999,25.620001,4.8,53.53125,0
5/5/1999,25.190001,4.75,52.625,0
5/6/1999,27.440001,4.79,53.6875,0
5/7/1999,25.360001,4.78,52.6875,0
5/10/1999,26.620001,4.77,53.3125,0
5/11/1999,25.620001,4.8,53.9375,0
5/12/1999,26.129999,4.79,54.59375,0
5/13/1999,25.02,4.75,55.90625,0
5/14/1999,26.860001,4.86,53.375,0
5/17/1999,27.280001,4.9,52.9375,0
5/18/1999,27.26,4.92,54.3125,0
5/19/1999,25.08,4.9,54.34375,0
5/20/1999,24.459999,4.88,54.992188,0
5/21/1999,24.4,4.87,53.53125,0
5/24/1999,27.620001,4.86,52.96875,0
5/25/1999,28.9,4.9,51.46875,0
5/26/1999,27.57,4.92,50.5,0
5/27/1999,28.120001,4.98,51.03125,0
5/28/1999,25.389999,4.97,51.5,0
5/31/1999,25.389999,4.97,51.5,0
6/1/1999,26.620001,5.09,51.9375,0
6/2/1999,26.209999,5.07,50.84375,0
6/3/1999,26.200001,5.07,52.125,0
6/4/1999,23.43,5.07,51.375,0
6/7/1999,23.780001,5.08,52.929688,0
6/8/1999,24.02,5.1,53.78125,0
6/9/1999,23.9,5.12,52.5,0
6/10/1999,25.32,5.13,52.625,0
6/11/1999,25.9,5.16,52.9375,0
6/14/1999,26.51,5.13,51.96875,0
6/15/1999,25.91,5.09,50.929688,0
6/16/1999,22.4,5,52.84375,0
6/17/1999,21.950001,4.95,53.5,0
6/18/1999,21.75,4.98,54.3125,0
6/21/1999,21.809999,5.01,55.4375,0
6/22/1999,21.700001,5.15,56.375,0
6/23/1999,21.32,5.18,55.007813,0
6/24/1999,23.059999,5.18,55.84375,0
6/25/1999,21.76,5.18,55.125,0
6/28/1999,22.629999,5.15,55.15625,0
6/29/1999,22.51,5.17,55.9375,0
6/30/1999,21.09,5.07,56.804688,0
7/1/1999,19.690001,5.09,57.8125,0
7/2/1999,18.66,5.08,58,0
7/5/1999,18.66,5.08,58,0
7/6/1999,20.73,5.08,59.0625,0
7/7/1999,20.35,5.06,58.34375,0
7/8/1999,20.24,5.04,58.46875,0
7/9/1999,17.959999,5.04,59.46875,0
7/12/1999,19.73,5.02,60.0625,0
7/13/1999,19.950001,5,59.25,0
7/14/1999,19.709999,5.01,59.84375,0
7/15/1999,18.68,5.01,60.46875,0
7/16/1999,17.42,5,60.84375,0
7/19/1999,19.07,5,61.625,0
7/20/1999,21.790001,4.96,60.007813,0
7/21/1999,21.459999,4.92,58.53125,0
7/22/1999,23.049999,4.99,58.6875,0
7/23/1999,23.32,5.02,57.625,0
7/26/1999,24.98,5.04,56.5,0
7/27/1999,23.23,5.03,57,0
7/28/1999,22.85,5.04,57.6875,0
7/29/1999,24.52,5.11,57.03125,0
7/30/1999,24.639999,5.13,57.125,0
8/2/1999,25.59,5.15,56.6875,0
8/3/1999,26.27,5.17,57.210938,0
8/4/1999,27.4,5.12,56.070313,0
8/5/1999,27.01,5.05,55.0625,0
8/6/1999,26.6,5.16,55.53125,0
8/9/1999,27.66,5.24,55.53125,0
8/10/1999,28.450001,5.24,54.46875,0
8/11/1999,25.389999,5.22,55.09375,0
8/12/1999,25.030001,5.25,56.125,0
8/13/1999,22.309999,5.19,56.40625,0
8/16/1999,23.07,5.24,57.625,0
8/17/1999,21.67,5.23,58.625,0
8/18/1999,23.299999,5.19,58.125,0
8/19/1999,24.389999,5.18,57.21875,0
8/20/1999,22.950001,5.16,57.125,0
8/23/1999,22.549999,5.21,58.5,0
8/24/1999,22.4,5.18,59.375,0
8/25/1999,20.959999,5.14,60.59375,0
8/26/1999,21.209999,5.18,61.5,0
8/27/1999,21.83,5.24,60.929688,0
8/30/1999,24.629999,5.31,60.125,0
8/31/1999,24.450001,5.3,59.4375,0
9/1/1999,22.93,5.3,60.0625,0
9/2/1999,24.530001,5.3,59,0
9/3/1999,20.98,5.22,61.625,0
9/6/1999,20.98,5.22,61.625,0
9/7/1999,23.440001,5.27,62.53125,0
9/8/1999,23.82,5.28,62,0
9/9/1999,23.01,5.3,61.5625,0
9/10/1999,22.030001,5.26,63.25,0
9/13/1999,22.889999,5.28,63.0625,0
9/14/1999,23.77,5.3,62.125,0
9/15/1999,24.559999,5.25,63.492188,0
9/16/1999,25.25,5.23,61.46875,0
9/17/1999,23.299999,5.24,62.03125,0
9/20/1999,24.030001,5.28,63.5,0
9/21/1999,25.65,5.26,62.90625,0
9/22/1999,25.190001,5.26,62.03125,0
9/23/1999,27.84,5.22,63.25,0
9/24/1999,27.790001,5.15,59.625,0
9/27/1999,26.4,5.19,60.9375,0
9/28/1999,26.059999,5.2,60.195313,0
9/29/1999,26.49,5.27,60.78125,0
9/30/1999,25.41,5.22,60.125,0
10/1/1999,24.93,5.3,59.375,0
10/4/1999,24.459999,5.27,60.53125,0
10/5/1999,24.790001,5.33,61.78125,0
10/6/1999,22.059999,5.36,62.375,0
10/7/1999,23.58,5.36,63.59375,0
10/8/1999,20.49,5.36,62.84375,0
10/11/1999,20.629999,5.36,63.9375,0
10/12/1999,22.84,5.38,64.4375,0
10/13/1999,25.959999,5.43,62.46875,0
10/14/1999,26.049999,5.45,61.53125,0
10/15/1999,28.75,5.42,60.125,0
10/18/1999,28.190001,5.42,59.9375,0
10/19/1999,26.559999,5.47,59.757813,0
10/20/1999,23.9,5.49,60.34375,0
10/21/1999,24.02,5.48,60.25,0
10/22/1999,21.639999,5.5,62.617188,0
10/25/1999,23.6,5.54,61.6875,0
10/26/1999,24.26,5.57,62.75,0
10/27/1999,24.200001,5.53,61.34375,0
10/28/1999,21.34,5.49,62.375,0
10/29/1999,22.200001,5.43,65,0
11/1/1999,22.09,5.47,65.75,0
11/2/1999,23.1,5.47,65.75,0
11/3/1999,23.16,5.46,66.375,0
11/4/1999,23,5.44,67.679688,0
11/5/1999,21.66,5.43,68.875,0
11/8/1999,21.870001,5.48,68.4375,0
11/9/1999,22.700001,5.49,70.125,0
11/10/1999,22.26,5.52,69.125,0
11/11/1999,22.07,5.52,70.75,0
11/12/1999,21.65,5.49,71.625,0
11/15/1999,22.74,5.52,72.25,0
11/16/1999,20.73,5.55,72.3125,0
11/17/1999,20.959999,5.57,73.875,0
11/18/1999,19.76,5.58,73.375,0
11/19/1999,19.110001,5.59,74.78125,0
11/22/1999,19.98,5.63,75.9375,0
11/23/1999,21,5.63,76.4375,0
11/24/1999,20.26,5.65,75.1875,0
11/25/1999,20.26,5.65,75.1875,0
11/26/1999,22.33,5.68,78.40625,0
11/29/1999,23.57,5.72,77.53125,0
11/30/1999,24.18,5.7,76.5625,0
12/1/1999,22.23,5.73,74.3125,0
12/2/1999,21.77,5.77,75.375,0
12/3/1999,19.32,5.71,79.3125,0
12/6/1999,20.58,5.72,79.429688,0
12/7/1999,21.09,5.68,80.09375,0
12/8/1999,21.25,5.69,79.867188,0
12/9/1999,21.190001,5.67,80,0
12/10/1999,21.48,5.67,79.90625,0
12/13/1999,21.719999,5.74,79.632813,0
12/14/1999,23.059999,5.81,80.75,0
12/15/1999,22.030001,5.85,78.625,0
12/16/1999,21.91,5.9,82.125,0
12/17/1999,21.35,5.93,84.5,0
12/20/1999,23.780001,5.99,84.40625,0
12/21/1999,22.66,5.97,85.125,0
12/22/1999,22.43,5.97,89.1875,0
12/23/1999,21.120001,5.96,89.867188,0
12/24/1999,21.120001,5.96,89.867188,0
12/27/1999,23.07,5.97,90.3125,0
12/28/1999,22.969999,5.96,89.75,0
12/29/1999,23.09,5.93,90,0
12/30/1999,24.76,5.93,93.625,0
12/31/1999,24.639999,5.98,92.625,0
1/3/2000,24.209999,6.09,96.1875,0
1/4/2000,27.01,6,92,0
1/5/2000,26.41,6.05,87.5,0
1/6/2000,25.73,6.03,86.875,0
1/7/2000,21.719999,6,82.9375,0
1/10/2000,21.709999,6.07,91,0
1/11/2000,22.5,6.13,91.75,0
1/12/2000,22.84,6.16,89,0
1/13/2000,21.709999,6.1,88.5,0
1/14/2000,19.66,6.13,93,0
1/17/2000,19.66,6.13,93,0
1/18/2000,21.5,6.15,92.0625,0
1/19/2000,21.719999,6.12,93.492188,0
1/20/2000,21.75,6.13,95.5,0
1/21/2000,20.82,6.12,96.5,0
1/24/2000,24.07,6.13,97.4375,0
1/25/2000,23.02,6.13,91.875,0
1/26/2000,23.030001,6.15,93.25,0
1/27/2000,23.540001,6.19,91.75,0
1/28/2000,26.139999,6.25,90,0
1/31/2000,24.950001,6.3,85.875,0
2/1/2000,23.450001,6.3,89.53125,0
2/2/2000,23.120001,6.24,92.25,0
2/3/2000,22.01,6.16,94.3125,0
2/4/2000,21.540001,6.19,97,0
2/7/2000,22.790001,6.23,97.25,0
2/8/2000,21.25,6.22,99.375,0
2/9/2000,22.9,6.2,102.0625,0
2/10/2000,23.07,6.2,99.8125,0
2/11/2000,24.42,6.17,102.0625,0
2/14/2000,24.379999,6.19,99.992188,0
2/15/2000,22.92,6.2,98.9375,0
2/16/2000,23.51,6.22,99.90625,0
2/17/2000,23.17,6.28,101.1875,0
2/18/2000,26,6.26,102.625,0
2/21/2000,26,6.26,102.625,0
2/22/2000,25.860001,6.22,99,0
2/23/2000,23.889999,6.27,99.679688,0
2/24/2000,24.379999,6.22,104.875,0
2/25/2000,25.200001,6.18,106.1875,0
2/28/2000,24.68,6.21,103.25,0
2/29/2000,23.370001,6.2,105.75,0
3/1/2000,21.639999,6.17,107.25,0
3/2/2000,21.059999,6.19,108.0625,0
3/3/2000,19.209999,6.15,108,0
3/6/2000,21.5,6.2,111.75,0
3/7/2000,24.309999,6.17,113.8125,0
3/8/2000,23.82,6.17,111,0
3/9/2000,22.209999,6.15,111.21875,0
3/10/2000,21.24,6.21,114.875,0
3/13/2000,22.85,6.21,110,0
3/14/2000,24.41,6.2,112.75,0
3/15/2000,22.34,6.21,106.5,0
3/16/2000,20.77,6.2,105.375,0
3/17/2000,22.370001,6.2,108,0
3/20/2000,22.959999,6.23,111,0
3/21/2000,21.700001,6.22,106.125,0
3/22/2000,21.49,6.21,113.5,0
3/23/2000,22.26,6.23,114.484375,0
3/24/2000,23.309999,6.31,117.484375,0
3/27/2000,24.530001,6.32,118,0
3/28/2000,24.860001,6.31,116.984375,0
3/29/2000,24.1,6.31,115.375,0
3/30/2000,25.469999,6.26,107.25,0
3/31/2000,24.110001,6.28,108.140625,0
4/3/2000,24.030001,6.23,107.765625,0
4/4/2000,27.120001,6.14,103.625,0
4/5/2000,28.41,6.15,97.5,0
4/6/2000,27.15,6.17,102.375,0
4/7/2000,24.389999,6.17,104.125,0
4/10/2000,25.99,6.14,107.625,0
4/11/2000,27.25,6.16,97.125,0
4/12/2000,28.98,6.17,97.625,0
4/13/2000,29.4,6.16,92.8125,0
4/14/2000,33.490002,6.08,86.0625,0
4/17/2000,28.950001,6.09,78.015625,0
4/18/2000,26.120001,6.07,89.484375,0
4/19/2000,27.02,6.08,92.5,0
4/20/2000,25.85,6.12,90.375,0
4/21/2000,25.85,6.12,90.375,0
4/24/2000,27.370001,6.11,83.4375,0
4/25/2000,25.24,6.18,86.5,0
4/26/2000,26.969999,6.19,90.625,0
4/27/2000,26.190001,6.21,84,0
4/28/2000,26.200001,6.24,93.5625,0
5/1/2000,25.879999,6.24,95.75,0
5/2/2000,28.5,6.23,94.875,0
5/3/2000,31.629999,6.23,89.5,0
5/4/2000,30.77,6.2,89,0
5/5/2000,27.530001,6.29,88.125,0
5/8/2000,28.200001,6.38,90.5,0
5/9/2000,28.93,6.37,88.5,0
5/10/2000,29.870001,6.36,84.375,0
5/11/2000,27.76,6.37,82.75,0
5/12/2000,26.049999,6.44,85.375,0
5/15/2000,24.860001,6.44,84.8125,0
5/16/2000,24.34,6.43,90,0
5/17/2000,23.98,6.42,89.25,0
5/18/2000,23.959999,6.39,89,0
5/19/2000,25.440001,6.32,83.75,0
5/22/2000,26,6.29,81.625,0
5/23/2000,25.870001,6.3,81.375,0
5/24/2000,24.32,6.29,75,0
5/25/2000,24.58,6.27,80.25,0
5/26/2000,24.469999,6.27,77.75,0
5/29/2000,24.469999,6.27,77.75,0
5/30/2000,23.620001,6.28,80,0
5/31/2000,23.65,6.37,84.46875,0
6/1/2000,22.360001,6.32,85.1875,0
6/2/2000,21.48,6.23,92.625,0
6/5/2000,22.709999,6.22,92.25,0
6/6/2000,23.049999,6.24,93.1875,0
6/7/2000,22.48,6.23,91.5625,0
6/8/2000,22.77,6.22,94.625,0
6/9/2000,22.139999,6.23,94.75,0
6/12/2000,22.32,6.2,94.3125,0
6/13/2000,21.67,6.17,90.5,0
6/14/2000,21.48,6.13,94.875,0
6/15/2000,20.68,6.13,91.875,0
6/16/2000,20.5,6.09,94.75,0
6/19/2000,20.629999,6.11,94.015625,0
6/20/2000,20.879999,6.12,98.25,0
6/21/2000,20.610001,6.16,96.8125,0
6/22/2000,22,6.16,98.625,0
6/23/2000,22.34,6.19,95,0
6/26/2000,22.450001,6.16,93.0625,0
6/27/2000,21.799999,6.16,93.765625,0
6/28/2000,20.290001,6.14,92.984375,0
6/29/2000,19.700001,6.11,92.9375,0
6/30/2000,19.540001,6.08,91.8125,0
7/3/2000,19.83,6.07,93.5,0
7/4/2000,19.83,6.07,93.5,0
7/5/2000,21.16,6.06,93.625,0
7/6/2000,20.940001,6.1,91.5625,0
7/7/2000,19.219999,6.07,95,0
7/10/2000,20.33,6.09,94.6875,0
7/11/2000,20.110001,6.09,94.0625,0
7/12/2000,20.030001,6.1,95.4375,0
7/13/2000,20.030001,6.07,97.9375,0
7/14/2000,19.32,6.12,100.25,0
7/17/2000,19.450001,6.14,100.9375,0
7/18/2000,19.75,6.13,100.375,0
7/19/2000,19.65,6.15,98.3125,0
7/20/2000,18.940001,6.04,97.875,0
7/21/2000,18.940001,6.07,98.4375,0
7/24/2000,19.92,6.07,97.9375,0
7/25/2000,19.389999,6.06,95.625,0
7/26/2000,19.67,6.05,95.5,0
7/27/2000,19.6,6.05,93.9375,0
7/28/2000,20.84,6.05,92.1875,0
7/31/2000,20.74,6.07,87.625,0
8/1/2000,20.549999,6.09,89.8125,0
8/2/2000,20,6.12,87.875,0
8/3/2000,19.99,6.1,84.25,0
8/4/2000,18.620001,6.08,92,0
8/7/2000,19.030001,6.13,90.875,0
8/8/2000,18.790001,6.13,92.0625,0
8/9/2000,19.18,6.17,93.6875,0
8/10/2000,19.190001,6.17,91.8125,0
8/11/2000,18.549999,6.24,89.25,0
8/14/2000,17.879999,6.21,91.375,0
8/15/2000,17.98,6.22,92.75,0
8/16/2000,18.02,6.21,93.4375,0
8/17/2000,17.48,6.21,92.9375,0
8/18/2000,17.049999,6.19,95.9375,0
8/21/2000,17.35,6.2,96,0
8/22/2000,17.469999,6.2,96,0
8/23/2000,17.379999,6.18,94.6875,0
8/24/2000,17.040001,6.2,97.4375,0
8/25/2000,16.530001,6.2,98.484375,0
8/28/2000,16.540001,6.24,98.25,0
8/29/2000,16.889999,6.25,98.625,0
8/30/2000,17.690001,6.25,98.3125,0
8/31/2000,16.84,6.22,99.625,0
9/1/2000,17.530001,6.18,103,0
9/4/2000,17.530001,6.18,103,0
9/5/2000,19.82,6.18,101.625,0
9/6/2000,20.790001,6.19,99.25,0
9/7/2000,19.42,6.22,96.8125,0
9/8/2000,18.459999,6.19,97.765625,0
9/11/2000,18.4,6.2,94.5,0
9/12/2000,18.59,6.17,93.5,0
9/13/2000,18.32,6.12,90.25,0
9/14/2000,18.26,6.13,95.25,0
9/15/2000,18.52,6.1,93.125,0
9/18/2000,20.25,6.07,91.8125,0
9/19/2000,19.540001,6.09,90.75,0
9/20/2000,19.93,6.1,93.375,0
9/21/2000,20.18,6.09,93.75,0
9/22/2000,20.74,6.08,87.625,0
9/25/2000,21.41,6.09,93.625,0
9/26/2000,21.879999,6.08,90.765625,0
9/27/2000,21.67,6.07,90.625,0
9/28/2000,19.469999,6.09,88.71875,0
9/29/2000,20.57,6.07,92,0
10/2/2000,21.23,6.06,90.25,0
10/3/2000,21.85,6.07,88.0625,0
10/4/2000,21.540001,6.06,83.5,0
10/5/2000,21.030001,6.06,85.25,0
10/6/2000,22.709999,6.06,85.5625,0
10/9/2000,24.02,6.06,82.5625,0
10/10/2000,24.860001,6.06,81.8125,0
10/11/2000,26.57,6.01,76.875,0
10/12/2000,30.51,5.93,79.25,0
10/13/2000,27.6,5.93,74.6875,0
10/16/2000,26.790001,5.97,81.125,0
10/17/2000,27.84,5.92,83.125,0
10/18/2000,28.719999,5.91,76.75,0
10/19/2000,25.09,5.96,82.390625,0
10/20/2000,24.24,5.94,84.5,0
10/23/2000,24.690001,5.93,86.1875,0
10/24/2000,24.280001,5.97,86.4375,0
10/25/2000,26.65,6.01,81.25,0
10/26/2000,28.620001,6.05,78.1875,0
10/27/2000,26.469999,6.11,80.859375,0
10/30/2000,25.459999,6.13,78.1875,0
10/31/2000,23.629999,6.12,78,0
11/1/2000,24.280001,6.1,80.3125,0
11/2/2000,23.92,6.09,82.1875,0
11/3/2000,23.67,6.13,82.875,0
11/6/2000,24.52,6.16,83.625,0
11/7/2000,24.91,6.16,81.4375,0
11/8/2000,25.66,6.16,82.125,0
11/9/2000,27.200001,6.13,74.75,0
11/10/2000,28.530001,6.11,74.25,0
11/13/2000,29.059999,6.1,70.953125,0
11/14/2000,26.809999,6.11,73,0
11/15/2000,26.15,6.1,75.5625,0
11/16/2000,25.049999,6.07,75.375,0
11/17/2000,24.809999,6.09,73.1875,0
11/20/2000,27.43,6.07,70.9375,0
11/21/2000,26.620001,6.07,70.1875,0
11/22/2000,27.709999,6.1,68.4375,0
11/23/2000,27.709999,6.1,68.4375,0
11/24/2000,26,6.12,68.375,0
11/27/2000,26.93,6.11,72.5625,0
11/28/2000,27.639999,6.05,68.9375,0
11/29/2000,27.49,5.98,65.8125,0
11/30/2000,29.65,5.92,61.75,0
12/1/2000,27.48,5.93,64.0625,0
12/4/2000,27.780001,5.88,64.125,0
12/5/2000,24.99,5.79,66.0625,0
12/6/2000,25.07,5.72,70.59375,0
12/7/2000,25.34,5.74,67,0
12/8/2000,22.41,5.77,71.09375,0
12/11/2000,23.51,5.79,72.0625,0
12/12/2000,24.879999,5.79,73.5,0
12/13/2000,23.629999,5.74,73.4375,0
12/14/2000,24.860001,5.7,68.515625,0
12/15/2000,26.549999,5.65,64.25,0
12/18/2000,27.700001,5.58,65.15625,0
12/19/2000,27.17,5.58,63.453125,0
12/20/2000,31.74,5.46,57.3125,0
12/21/2000,29.66,5.33,55.015625,0
12/22/2000,27.549999,5.25,57.625,0
12/25/2000,27.549999,5.25,57.625,0
12/26/2000,28.73,5.31,60.59375,0
12/27/2000,28.139999,5.32,59.6875,0
12/28/2000,26.57,5.4,60.78125,0
12/29/2000,26.85,5.32,61.5625,0
1/1/2001,26.85,5.32,61.5625,0
1/2/2001,29.99,5.11,58.5625,0
1/3/2001,26.6,5.04,52.1875,0
1/4/2001,26.969999,4.82,61.625,0
1/5/2001,28.67,4.6,61.3125,0
1/8/2001,29.84,4.61,56.3125,0
1/9/2001,27.99,4.71,57.75,0
1/10/2001,26.799999,4.82,56.125,0
1/11/2001,25.790001,4.84,59.265625,0
1/12/2001,24.559999,4.96,62.75,0
1/15/2001,24.559999,4.96,62.75,0
1/16/2001,25.280001,4.95,62.5625,0
1/17/2001,24.93,4.91,64.5,0
1/18/2001,23.370001,4.76,64.125,0
1/19/2001,23.24,4.79,68.140625,0
1/22/2001,23.25,4.79,65.875,0
1/23/2001,21.57,4.85,65.90625,0
1/24/2001,22.030001,4.86,68.0625,0
1/25/2001,22.639999,4.83,66.875,0
1/26/2001,22.57,4.8,63.5625,0
1/29/2001,22.610001,4.78,64.75,0
1/30/2001,22.57,4.68,67.150002,0
1/31/2001,22.02,4.6,67.25,0
2/1/2001,21.66,4.56,64.550003,0
2/2/2001,21.950001,4.67,64.940002,0
2/5/2001,22.190001,4.7,61.189999,0
2/6/2001,21.98,4.74,61.490002,0
2/7/2001,21.67,4.73,60.509998,0
2/8/2001,21.459999,4.74,60.900002,0
2/9/2001,22.030001,4.68,58.25,0
2/12/2001,21.92,4.7,56.25,0
2/13/2001,21.370001,4.77,57.650002,0
2/14/2001,21.52,4.84,55.400002,0
2/15/2001,20.27,4.9,58.799999,0
2/16/2001,22.120001,4.78,55.959999,0
2/19/2001,22.120001,4.78,55.959999,0
2/20/2001,24.690001,4.77,55.740002,0
2/21/2001,25.75,4.74,51.549999,0
2/22/2001,26.76,4.68,51.450001,0
2/23/2001,27.209999,4.58,50.09,0
2/26/2001,25.43,4.48,52.080002,0
2/27/2001,26.49,4.47,51.540001,0
2/28/2001,28.35,4.47,49.450001,0
3/1/2001,28.08,4.45,46.970001,0
3/2/2001,27.43,4.48,47.200001,0
3/5/2001,27.120001,4.51,47.5,0
3/6/2001,25.889999,4.5,49.299999,0
3/7/2001,24.120001,4.44,50.400002,0
3/8/2001,24.290001,4.42,49.349998,0
3/9/2001,25.620001,4.46,47.25,0
3/12/2001,30.32,4.43,44,0
3/13/2001,27.549999,4.43,42.779999,0
3/14/2001,29.610001,4.29,42.700001,0
3/15/2001,28.559999,4.19,45.200001,0
3/16/2001,29.91,4.19,41.880001,0
3/19/2001,29.780001,4.25,41.439999,0
3/20/2001,30.959999,4.18,43.439999,0
3/21/2001,31.93,4.14,40.52,0
3/22/2001,32.84,4.1,40.599998,0
3/23/2001,30.450001,4.17,43.549999,0
3/26/2001,29.040001,4.18,43.470001,0
3/27/2001,27.040001,4.29,41.799999,0
3/28/2001,28.58,4.22,41.900002,0
3/29/2001,29.17,4.16,39.380001,0
3/30/2001,28.639999,4.09,39.299999,0
4/2/2001,31.209999,4.1,39.169998,0
4/3/2001,34.720001,4.01,37.200001,0
4/4/2001,34.07,3.97,34.709999,0
4/5/2001,29.940001,4.01,36,0
4/6/2001,31.690001,3.9,36.900002,0
4/9/2001,31.91,3.94,36.790001,0
4/10/2001,29.440001,4.04,37.900002,0
4/11/2001,28.459999,4.11,42.16,0
4/12/2001,26.120001,4.17,40.299999,0
4/13/2001,26.120001,4.17,40.299999,0
4/16/2001,26.33,4.26,41.939999,0
4/17/2001,25.610001,4.17,39.950001,0
4/18/2001,24.129999,3.97,43.720001,0
4/19/2001,24.16,3.94,46.099998,0
4/20/2001,25.379999,3.88,48.18,0
4/23/2001,28.16,3.77,46.990002,0
4/24/2001,28.49,3.76,45.099998,0
4/25/2001,27.4,3.85,43.900002,0
4/26/2001,25.959999,3.83,45.900002,0
4/27/2001,24.02,3.91,45.150002,0
4/30/2001,25.48,3.94,46.25,0
5/1/2001,24.200001,3.91,46.200001,0
5/2/2001,24.23,3.95,48.799999,0
5/3/2001,25.780001,3.89,47.900002,0
5/4/2001,23.91,3.79,45.299999,0
5/7/2001,24.860001,3.73,48,0
5/8/2001,24.440001,3.7,48.299999,0
5/9/2001,24.35,3.69,47.049999,0
5/10/2001,24,3.78,47.919998,0
5/11/2001,23.540001,3.89,45.84,0
5/14/2001,24.26,3.79,45.299999,0
5/15/2001,23.709999,3.75,44.900002,0
5/16/2001,21.889999,3.72,44.310001,0
5/17/2001,21.469999,3.75,47.450001,0
5/18/2001,21.23,3.79,47.639999,0
5/21/2001,20.76,3.83,48.169998,0
5/22/2001,21.35,3.79,51.310001,0
5/23/2001,22.08,3.75,50.439999,0
5/24/2001,20.57,3.79,48.970001,0
5/25/2001,20.6,3.76,49.959999,0
5/28/2001,20.6,3.76,49.959999,0
5/29/2001,22.139999,3.76,48.5,0
5/30/2001,22.76,3.75,45.43,0
5/31/2001,22.639999,3.63,44.540001,0
6/1/2001,21.59,3.67,45.540001,0
6/4/2001,21.379999,3.68,46.330002,0
6/5/2001,19.58,3.61,46.299999,0
6/6/2001,20.389999,3.62,48.080002,0
6/7/2001,19.67,3.63,47.130001,0
6/8/2001,19.92,3.64,48.720001,0
6/11/2001,20.700001,3.64,46.900002,0
6/12/2001,20.700001,3.62,44.869999,0
6/13/2001,21.450001,3.6,46.27,0
6/14/2001,23.120001,3.56,44.02,0
6/15/2001,22.809999,3.53,41.799999,0
6/18/2001,23.17,3.48,42.639999,0
6/19/2001,22.34,3.48,43.32,0
6/20/2001,21.709999,3.45,41.299999,0
6/21/2001,19.379999,3.47,42.669998,0
6/22/2001,20.02,3.41,43.619999,0
6/25/2001,20.67,3.48,43.610001,0
6/26/2001,21.200001,3.53,42.540001,0
6/27/2001,20.879999,3.59,43.68,0
6/28/2001,20.01,3.69,44.400002,0
6/29/2001,19.059999,3.72,45.09,0
7/2/2001,18.76,3.74,45.650002,0
7/3/2001,18.92,3.71,45.25,0
7/4/2001,18.92,3.71,45.25,0
7/5/2001,20.09,3.7,44.869999,0
7/6/2001,21.629999,3.63,43.009998,0
7/9/2001,22.48,3.66,41.889999,0
7/10/2001,23.25,3.61,42.759998,0
7/11/2001,24.01,3.6,40.419998,0
7/12/2001,22.09,3.6,42.630001,0
7/13/2001,21.139999,3.64,43.380001,0
7/16/2001,22.91,3.63,43.369999,0
7/17/2001,22.610001,3.63,41.82,0
7/18/2001,23.6,3.57,42.27,0
7/19/2001,22.51,3.6,42.459999,0
7/20/2001,22.34,3.59,41.490002,0
7/23/2001,23.74,3.59,42.240002,0
7/24/2001,25.24,3.59,40.380001,0
7/25/2001,24,3.62,40.139999,0
7/26/2001,23.01,3.59,40.450001,0
7/27/2001,22,3.57,41.639999,0
7/30/2001,22.690001,3.56,42.130001,0
7/31/2001,21.620001,3.53,41.84,0
8/1/2001,20.559999,3.56,42.630001,0
8/2/2001,20.09,3.57,43.790001,0
8/3/2001,19.889999,3.57,43.529999,0
8/6/2001,21.889999,3.56,42.529999,0
8/7/2001,21.01,3.56,42.099998,0
8/8/2001,22.32,3.46,41.849998,0
8/9/2001,21.75,3.48,40.41,0
8/10/2001,20.549999,3.45,40.419998,0
8/13/2001,20.42,3.43,40.59,0
8/14/2001,20.48,3.46,41.490002,0
8/15/2001,20.91,3.47,40.619999,0
8/16/2001,21.540001,3.43,38.639999,0
8/17/2001,23.84,3.39,38.439999,0
8/20/2001,22.870001,3.44,37.849998,0
8/21/2001,24.4,3.41,38.290001,0
8/22/2001,22.440001,3.44,37.450001,0
8/23/2001,22.23,3.46,37.669998,0
8/24/2001,19.709999,3.48,37.860001,0
8/27/2001,20.559999,3.51,39.279999,0
8/28/2001,22,3.46,39.32,0
8/29/2001,23.030001,3.44,38.369999,0
8/30/2001,25.41,3.38,36.799999,0
8/31/2001,24.92,3.41,36.029999,0
9/3/2001,24.92,3.41,36.029999,0
9/4/2001,25.85,3.55,36.509998,0
9/5/2001,26.35,3.47,35.490002,0
9/6/2001,28.610001,3.4,34.740002,0
9/7/2001,30.99,3.29,33.619999,0
9/10/2001,31.84,3.31,33.490002,0
9/11/2001,31.84,3.31,33.490002,0
9/12/2001,31.84,3.31,33.490002,0
9/13/2001,31.84,2.81,33.490002,0
9/14/2001,31.84,2.73,33.490002,0
9/17/2001,41.759998,2.72,31.25,0
9/18/2001,38.869999,2.69,31.530001,0
9/19/2001,40.560001,2.49,30.639999,0
9/20/2001,43.740002,2.56,29.299999,0
9/21/2001,42.66,2.53,27.41,0
9/24/2001,37.75,2.56,29.08,0
9/25/2001,35.810001,2.51,29.709999,0
9/26/2001,35.259998,2.48,29.950001,0
9/27/2001,34,2.43,28.4,0
9/28/2001,31.93,2.49,28.84,0
10/1/2001,32.32,2.47,28.85,0
10/2/2001,31.18,2.43,28.65,0
10/3/2001,31.34,2.38,28.42,0
10/4/2001,31.969999,2.37,31.65,0
10/5/2001,33.389999,2.33,31,0
10/8/2001,35.119999,2.33,31.129999,0
10/9/2001,34.830002,2.35,31.860001,0
10/10/2001,31.6,2.35,30.870001,0
10/11/2001,31.5,2.44,33.189999,0
10/12/2001,35.27,2.4,34.330002,0
10/15/2001,35.310001,2.39,34.119999,0
10/16/2001,32.880001,2.37,34.66,0
10/17/2001,35.080002,2.37,35.869999,0
10/18/2001,34.950001,2.36,32.700001,0
10/19/2001,34.110001,2.34,32.860001,0
10/22/2001,32.25,2.35,33.439999,0
10/23/2001,32,2.37,34.82,0
10/24/2001,30.950001,2.32,34.599998,0
10/25/2001,29.459999,2.26,34.700001,0
10/26/2001,28.42,2.26,36.5,0
10/29/2001,31.639999,2.18,36,0
10/30/2001,33.459999,2.11,33.709999,0
10/31/2001,33.560001,2.07,34.040001,0
11/1/2001,32.310001,2.1,34.439999,0
11/2/2001,30.709999,2.07,35.27,0
11/5/2001,30.5,2.05,36.259998,0
11/6/2001,28.799999,1.97,36.599998,0
11/7/2001,29.129999,1.93,37.610001,0
11/8/2001,28.620001,2,38.549999,0
11/9/2001,27.440001,2.02,37.59,0
11/12/2001,29.35,2.02,37,0
11/13/2001,26.469999,2.07,39.029999,0
11/14/2001,26.559999,2.13,39.959999,0
11/15/2001,25.559999,2.34,39.16,0
11/16/2001,25.07,2.41,39.48,0
11/19/2001,24.459999,2.31,39.790001,0
11/20/2001,24.120001,2.31,40.080002,0
11/21/2001,24.190001,2.38,38.470001,0
11/22/2001,24.190001,2.38,38.470001,0
11/23/2001,23.25,2.41,38.759998,0
11/26/2001,23.790001,2.43,39.580002,0
11/27/2001,24,2.36,40.049999,0
11/28/2001,25.9,2.26,39.73,0
11/29/2001,25.18,2.03,39.029999,0
11/30/2001,23.84,2.06,39.73,0
12/3/2001,25.77,2.08,39.290001,0
12/4/2001,24.08,2.07,39.34,0
12/5/2001,23.02,2.27,41.200001,0
12/6/2001,23.709999,2.35,42.700001,0
12/7/2001,23.49,2.26,42.48,0
12/10/2001,25.620001,2.17,41.32,0
12/11/2001,25.299999,2.12,41.459999,0
12/12/2001,24.870001,2.13,41.5,0
12/13/2001,25.91,2.2,40.709999,0
12/14/2001,24.629999,2.22,39.869999,0
12/17/2001,24.26,2.24,40.02,0
12/18/2001,23.290001,2.24,41.16,0
12/19/2001,22.58,2.23,40.560001,0
12/20/2001,23.67,2.22,40.099998,0
12/21/2001,22.5,2.23,39.419998,0
12/24/2001,22.620001,2.24,39.540001,0
12/25/2001,22.620001,2.24,39.540001,0
12/26/2001,22.290001,2.34,39.369999,0
12/27/2001,21.59,2.27,39.849998,0
12/28/2001,21.4,2.26,40.290001,0
12/31/2001,23.799999,2.17,40.310001,0
1/1/2002,23.799999,2.17,40.310001,0
1/2/2002,22.709999,2.28,39.57,0
1/3/2002,21.34,2.24,40.310001,0
1/4/2002,20.450001,2.25,41.950001,0
1/7/2002,21.940001,2.19,42.110001,0
1/8/2002,21.83,2.19,41.099998,0
1/9/2002,22.129999,2.17,42.040001,0
1/10/2002,22.360001,2.1,41.169998,0
1/11/2002,22.6,1.98,41.349998,0
1/14/2002,23.58,2,40.490002,0
1/15/2002,22.700001,1.99,40.029999,0
1/16/2002,23.450001,2.01,39.529999,0
1/17/2002,22.25,2.09,39.48,0
1/18/2002,22.52,2.08,38.830002,0
1/21/2002,22.52,2.08,38.830002,0
1/22/2002,23.610001,2.11,39,0
1/23/2002,21.879999,2.15,37.650002,0
1/24/2002,21.15,2.22,38.939999,0
1/25/2002,21.01,2.25,38.470001,0
1/28/2002,21.139999,2.28,39.150002,0
1/29/2002,24.35,2.23,39.130001,0
1/30/2002,23.219999,2.23,38,0
1/31/2002,21.09,2.29,38.57,0
2/1/2002,21.120001,2.22,38.400002,0
2/4/2002,24.870001,2.19,37.959999,0
2/5/2002,25.450001,2.22,36.59,0
2/6/2002,26.09,2.2,36.84,0
2/7/2002,25.110001,2.2,35.990002,0
2/8/2002,23.26,2.16,35.459999,0
2/11/2002,21.780001,2.21,36.139999,0
2/12/2002,21.620001,2.26,36.310001,0
2/13/2002,20.85,2.27,36.720001,0
2/14/2002,21.77,2.26,37.150002,0
2/15/2002,22.370001,2.2,36.830002,0
2/18/2002,22.370001,2.2,36.830002,0
2/19/2002,24.43,2.23,35.369999,0
2/20/2002,22.66,2.24,34.900002,0
2/21/2002,23.799999,2.25,34.790001,0
2/22/2002,22.860001,2.22,33.610001,0
2/25/2002,21.84,2.26,34,0
2/26/2002,21.68,2.31,35.23,0
2/27/2002,21.49,2.27,35.389999,0
2/28/2002,21.59,2.25,34.509998,0
3/1/2002,19.959999,2.33,34.150002,0
3/4/2002,20.5,2.36,35.700001,0
3/5/2002,20.299999,2.36,36.93,0
3/6/2002,19.940001,2.34,37.080002,0
3/7/2002,20.040001,2.43,38.119999,0
3/8/2002,19.27,2.57,38.23,0
3/11/2002,19.84,2.59,38.349998,0
3/12/2002,19.59,2.57,37.57,0
3/13/2002,19.459999,2.52,37.41,0
3/14/2002,19.200001,2.59,37.060001,0
3/15/2002,18.42,2.61,36.889999,0
3/18/2002,18.93,2.65,37.630001,0
3/19/2002,18.16,2.61,37.599998,0
3/20/2002,18.459999,2.66,36.869999,0
3/21/2002,18.15,2.66,36.150002,0
3/22/2002,17.77,2.7,36.939999,0
3/25/2002,18.48,2.75,36.689999,0
3/26/2002,18.129999,2.69,35.419998,0
3/27/2002,17.700001,2.65,35.630001,0
3/28/2002,17.4,2.7,36.02,0
3/29/2002,17.4,2.7,36.02,0
4/1/2002,18.73,2.76,35.799999,0
4/2/2002,19.16,2.68,35.98,0
4/3/2002,20.200001,2.61,35.299999,0
4/4/2002,19.780001,2.61,34.5,0
4/5/2002,19.129999,2.54,35.009998,0
4/8/2002,19.610001,2.61,33.470001,0
4/9/2002,19.469999,2.55,34.779999,0
4/10/2002,18.190001,2.52,33.759998,0
4/11/2002,20.299999,2.51,33.66,0
4/12/2002,19.42,2.44,33.32,0
4/15/2002,19.82,2.44,33.799999,0
4/16/2002,18.110001,2.46,34.43,0
4/17/2002,18.43,2.43,35.400002,0
4/18/2002,19.290001,2.4,34.779999,0
4/19/2002,18.299999,2.39,35.049999,0
4/22/2002,19.77,2.41,34.009998,0
4/23/2002,20.280001,2.41,33.59,0
4/24/2002,20.77,2.35,33.209999,0
4/25/2002,20.950001,2.33,32.299999,0
4/26/2002,22.139999,2.31,32.66,0
4/29/2002,24.049999,2.36,31.24,0
4/30/2002,21.91,2.35,31.030001,0
5/1/2002,20.059999,2.33,31.67,0
5/2/2002,20.07,2.35,31.389999,0
5/3/2002,20.190001,2.28,30.469999,0
5/6/2002,22.559999,2.3,29.629999,0
5/7/2002,21.940001,2.27,29.27,0
5/8/2002,20.389999,2.37,30.129999,0
5/9/2002,21.559999,2.33,31.57,0
5/10/2002,22.41,2.27,31.01,0
5/13/2002,20.719999,2.36,29.870001,0
5/14/2002,19.35,2.43,32.049999,0
5/15/2002,19.190001,2.41,32.080002,0
5/16/2002,18.5,2.35,32.540001,0
5/17/2002,17.700001,2.45,33.290001,0
5/20/2002,19.24,2.41,32.599998,0
5/21/2002,20.049999,2.38,32.360001,0
5/22/2002,19.58,2.34,30.969999,0
5/23/2002,18.23,2.38,31.629999,0
5/24/2002,18.9,2.37,31.59,0
5/27/2002,18.9,2.37,31.59,0
5/28/2002,20.309999,2.41,31.469999,0
5/29/2002,20.389999,2.35,30.66,0
5/30/2002,20.610001,2.31,30.01,0
5/31/2002,19.98,2.34,30.76,0
6/3/2002,23.370001,2.35,30,0
6/4/2002,23.889999,2.31,28.75,0
6/5/2002,22.610001,2.33,29.42,0
6/6/2002,24.16,2.3,29.51,0
6/7/2002,23.51,2.31,27.629999,0
6/10/2002,23.719999,2.3,28.360001,0
6/11/2002,24.450001,2.27,28.6,0
6/12/2002,24.15,2.25,27.24,0
6/13/2002,25.02,2.2,27.76,0
6/14/2002,25.959999,2.16,26.860001,0
6/17/2002,24.639999,2.2,28,0
6/18/2002,24.24,2.16,28.309999,0
6/19/2002,26.059999,2.07,28.1,0
6/20/2002,27.48,2.12,27.27,0
6/21/2002,27.23,2.09,26.360001,0
6/24/2002,26.98,2.15,25.450001,0
6/25/2002,27.84,2.16,26.58,0
6/26/2002,28.42,2.05,24.43,0
6/27/2002,26.290001,2.09,26,0
6/28/2002,25.4,2.06,26.049999,0
7/1/2002,27.110001,2.09,25.969999,0
7/2/2002,28.959999,2.04,24.6,0
7/3/2002,29.42,2.02,23.85,0
7/4/2002,29.42,2.02,23.85,0
7/5/2002,27.110001,2.08,25.26,0
7/8/2002,28.25,2.08,26.200001,0
7/9/2002,30.219999,2.01,25.25,0
7/10/2002,34.099998,1.97,24.99,0
7/11/2002,33.849998,1.95,23.76,0
7/12/2002,32.939999,1.97,25.25,0
7/15/2002,35.029999,1.97,24.68,0
7/16/2002,36.650002,1.99,25.25,0
7/17/2002,35.450001,1.99,26.07,0
7/18/2002,35.119999,1.95,25.379999,0
7/19/2002,38.169998,1.94,24.33,0
7/22/2002,41.869999,1.94,23.85,0
7/23/2002,44.919998,1.91,23.450001,0
7/24/2002,39.860001,1.89,21.809999,0
7/25/2002,39.27,1.86,23.25,0
7/26/2002,35.509998,1.8,22.559999,0
7/29/2002,31.33,1.93,23.27,0
7/30/2002,31.92,1.96,23.73,0
7/31/2002,32.029999,1.8,24,0
8/1/2002,36.950001,1.75,23.74,0
8/2/2002,41.290001,1.65,22.780001,0
8/5/2002,45.080002,1.68,22.110001,0
8/6/2002,42.029999,1.69,21.799999,0
8/7/2002,38.73,1.64,23.200001,0
8/8/2002,36.330002,1.68,22.75,0
8/9/2002,35.330002,1.68,23.200001,0
8/12/2002,37.049999,1.75,23.049999,0
8/13/2002,35.82,1.7,23.23,0
8/14/2002,32.360001,1.77,22.67,0
8/15/2002,29.43,1.78,24.24,0
8/16/2002,28.809999,1.82,24.129999,0
8/19/2002,28.610001,1.86,24.77,0
8/20/2002,29.59,1.77,25.18,0
8/21/2002,28.23,1.77,25.389999,0
8/22/2002,27.75,1.85,25.74,0
8/23/2002,29.32,1.8,25.799999,0
8/26/2002,29.889999,1.79,25.299999,0
8/27/2002,30.110001,1.89,25.43,0
8/28/2002,33.32,1.85,24.02,0
8/29/2002,33.669998,1.75,23.200001,0
8/30/2002,32.639999,1.74,23.620001,0
9/2/2002,32.639999,1.74,23.620001,0
9/3/2002,39.970001,1.71,23.059999,0
9/4/2002,37.439999,1.69,22.5,0
9/5/2002,38.860001,1.66,22.4,0
9/6/2002,36.330002,1.75,22.66,0
9/9/2002,36.450001,1.77,22.67,0
9/10/2002,35.080002,1.77,23.23,0
9/11/2002,34.810001,1.84,24.120001,0
9/12/2002,37.5,1.79,23.23,0
9/13/2002,35.82,1.74,22.6,0
9/16/2002,36.740002,1.78,22.860001,0
9/17/2002,38.009998,1.77,23.049999,0
9/18/2002,37.52,1.75,22.01,0
9/19/2002,40.650002,1.68,21.700001,0
9/20/2002,38.98,1.68,21.83,0
9/23/2002,39.68,1.68,21.450001,0
9/24/2002,40.52,1.68,20.68,0
9/25/2002,37.330002,1.73,21.35,0
9/26/2002,34.599998,1.68,22.16,0
9/27/2002,36.970001,1.62,21.549999,0
9/30/2002,39.689999,1.53,21.07,0
10/1/2002,34.119999,1.56,20.91,0
10/2/2002,36.830002,1.53,21.51,0
10/3/2002,37.310001,1.53,21.059999,0
10/4/2002,39.459999,1.58,20.940001,0
10/7/2002,42.639999,1.59,20.26,0
10/8/2002,41.02,1.6,20.280001,0
10/9/2002,42.130001,1.55,19.940001,0
10/10/2002,37.549999,1.6,20.1,0
10/11/2002,35.700001,1.63,21.549999,0
10/14/2002,36.040001,1.63,21.870001,0
10/15/2002,34.02,1.79,23.440001,0
10/16/2002,36,1.74,22.709999,0
10/17/2002,34.099998,1.78,23.6,0
10/18/2002,33.529999,1.77,23.280001,0
10/21/2002,33.110001,1.86,23.52,0
10/22/2002,34.09,1.85,23.73,0
10/23/2002,33.200001,1.84,23.85,0
10/24/2002,34.029999,1.73,24.68,0
10/25/2002,30,1.69,23.99,0
10/28/2002,31.07,1.6,25,0
10/29/2002,32.27,1.53,24.309999,0
10/30/2002,31.23,1.49,24.059999,0
10/31/2002,31.139999,1.46,24.66,0
11/1/2002,29.299999,1.46,24.370001,0
11/4/2002,30.82,1.48,26.049999,0
11/5/2002,31.23,1.48,25.709999,0
11/6/2002,30.73,1.46,26.290001,0
11/7/2002,31.42,1.46,25.99,0
11/8/2002,29.41,1.43,25.49,0
11/11/2002,31.299999,1.43,24.950001,0
11/12/2002,30.58,1.44,24.4,0
11/13/2002,31.24,1.42,24.700001,0
11/14/2002,28.67,1.48,25.58,0
11/15/2002,26.65,1.49,25.9,0
11/18/2002,27.66,1.48,26.709999,0
11/19/2002,27.41,1.49,25.799999,0
11/20/2002,25.32,1.5,25.559999,0
11/21/2002,23.809999,1.52,26.93,0
11/22/2002,23.16,1.54,27.370001,0
11/25/2002,24.07,1.56,27.76,0
11/26/2002,25.969999,1.51,27.780001,0
11/27/2002,27.25,1.58,27.530001,0
11/28/2002,27.25,1.58,27.530001,0
11/29/2002,27.5,1.56,28.209999,0
12/2/2002,27.459999,1.56,28.42,0
12/3/2002,28.33,1.57,27.549999,0
12/4/2002,28.92,1.53,26.559999,0
12/5/2002,30.1,1.5,26.950001,0
12/6/2002,28.879999,1.47,25.809999,0
12/9/2002,30.780001,1.48,26.219999,0
12/10/2002,28.76,1.48,25.42,0
12/11/2002,27.76,1.46,25.440001,0
12/12/2002,27.290001,1.46,26,0
12/13/2002,28.18,1.47,25.52,0
12/16/2002,26.24,1.5,25.219999,0
12/17/2002,26.66,1.48,25.809999,0
12/18/2002,28.290001,1.43,25.549999,0
12/19/2002,30.209999,1.37,25.17,0
12/20/2002,26.709999,1.39,25.33,0
12/23/2002,26.200001,1.43,25.18,0
12/24/2002,26.49,1.42,25.5,0
12/25/2002,26.49,1.42,25.5,0
12/26/2002,27.370001,1.41,25.530001,0
12/27/2002,29.549999,1.36,25.18,0
12/30/2002,29.620001,1.36,24.84,0
12/31/2002,28.620001,1.32,24.540001,0
1/1/2003,28.620001,1.32,24.540001,0
1/2/2003,25.389999,1.42,24.719999,0
1/3/2003,24.68,1.41,25.459999,0
1/6/2003,24.91,1.44,25.709999,0
1/7/2003,25.129999,1.4,26.41,0
1/8/2003,25.530001,1.36,26.389999,0
1/9/2003,24.25,1.44,26.24,0
1/10/2003,24.32,1.39,26.35,0
1/13/2003,24.9,1.41,27.33,0
1/14/2003,24.57,1.4,26.91,0
1/15/2003,25.51,1.37,27.24,0
1/16/2003,25.01,1.37,26.790001,0
1/17/2003,25.700001,1.34,25.9,0
1/20/2003,25.700001,1.34,25.9,0
1/21/2003,27.59,1.33,25.41,0
1/22/2003,29.01,1.31,24.959999,0
1/23/2003,27.530001,1.33,25.4,0
1/24/2003,31.51,1.31,25.530001,0
1/27/2003,34.689999,1.31,24.450001,0
1/28/2003,31.93,1.34,24.77,0
1/29/2003,31.26,1.36,24.76,0
1/30/2003,31.32,1.3,25.32,0
1/31/2003,31.17,1.31,24.059999,0
2/3/2003,31.02,1.34,24.52,0
2/4/2003,32.759998,1.33,24.18,0
2/5/2003,33.040001,1.34,24.33,0
2/6/2003,33.349998,1.32,24.040001,0
2/7/2003,34.009998,1.28,24.360001,0
2/10/2003,33.990002,1.33,23.889999,0
2/11/2003,33.68,1.3,24.25,0
2/12/2003,34.330002,1.29,24.07,0
2/13/2003,33.700001,1.27,23.85,0
2/14/2003,32.619999,1.3,23.83,0
2/17/2003,32.619999,1.3,23.83,0
2/18/2003,31.110001,1.31,24.700001,0
2/19/2003,31.309999,1.29,25.200001,0
2/20/2003,31.16,1.29,25.15,0
2/21/2003,30.25,1.31,24.93,0
2/24/2003,31.98,1.28,25.129999,0
2/25/2003,31.74,1.27,24.450001,0
2/26/2003,31.940001,1.27,24.68,0
2/27/2003,30.530001,1.27,24.42,0
2/28/2003,29.629999,1.24,24.809999,0
3/3/2003,30.43,1.26,25.27,0
3/4/2003,31.83,1.24,24.66,0
3/5/2003,30.379999,1.22,24.4,0
3/6/2003,31.370001,1.22,24.43,0
3/7/2003,31.08,1.15,24.08,0
3/10/2003,33.310001,1.09,24.33,0
3/11/2003,33.610001,1.12,24.059999,0
3/12/2003,33.509998,1.14,23.76,0
3/13/2003,31.76,1.24,24.639999,0
3/14/2003,30.98,1.22,25.73,0
3/17/2003,31.75,1.24,25.43,0
3/18/2003,30.43,1.35,26.799999,0
3/19/2003,31.540001,1.32,26.85,0
3/20/2003,30.440001,1.34,26.540001,0
3/21/2003,28.67,1.36,27.209999,0
3/24/2003,30.389999,1.32,26.469999,0
3/25/2003,28.75,1.28,26.15,0
3/26/2003,28.23,1.27,26.5,0
3/27/2003,27.959999,1.25,26.27,0
3/28/2003,27.75,1.22,26.139999,0
3/31/2003,29.15,1.19,25.6,0
4/1/2003,28.360001,1.16,25.440001,0
4/2/2003,28.02,1.22,26.059999,0
4/3/2003,28.209999,1.18,26.639999,0
4/4/2003,29.129999,1.18,26.57,0
4/7/2003,28.450001,1.25,27.110001,0
4/8/2003,27.129999,1.21,26.15,0
4/9/2003,27.110001,1.22,26.1,0
4/10/2003,25.6,1.25,25.459999,0
4/11/2003,24.440001,1.3,26.02,0
4/14/2003,23.41,1.33,25.6,0
4/15/2003,22.559999,1.32,25.969999,0
4/16/2003,22.52,1.31,26.65,0
4/17/2003,21.5,1.34,26.16,0
4/18/2003,21.5,1.34,26.16,0
4/21/2003,21.950001,1.35,26.940001,0
4/22/2003,20.700001,1.34,26.73,0
4/23/2003,20.799999,1.33,27.5,0
4/24/2003,20.33,1.28,27.360001,0
4/25/2003,20.799999,1.26,27.32,0
4/28/2003,20.84,1.28,27.049999,0
4/29/2003,20.76,1.28,27.639999,0
4/30/2003,21.209999,1.22,27.65,0
5/1/2003,21.59,1.21,27.440001,0
5/2/2003,20.629999,1.27,27.610001,0
5/5/2003,21.129999,1.27,28.33,0
5/6/2003,20.799999,1.19,28.219999,0
5/7/2003,21,1.21,28.41,0
5/8/2003,21.24,1.24,27.85,0
5/9/2003,19.690001,1.22,28.040001,0
5/12/2003,19.52,1.22,28.360001,0
5/13/2003,19.91,1.23,28.629999,0
5/14/2003,20,1.2,28.870001,0
5/15/2003,19.24,1.21,28.75,0
5/16/2003,18.4,1.15,28.73,0
5/19/2003,20.51,1.14,28.52,0
5/20/2003,21.290001,1.1,27.76,0
5/21/2003,21.209999,1.15,27.65,0
5/22/2003,19.780001,1.14,27.76,0
5/23/2003,19.17,1.14,28.040001,0
5/26/2003,19.17,1.14,28.040001,0
5/27/2003,19.99,1.13,27.93,0
5/28/2003,20.030001,1.15,29.16,0
5/29/2003,20.43,1.11,29.23,0
5/30/2003,19.469999,1.13,29.530001,0
6/2/2003,20.85,1.15,30.08,0
6/3/2003,20.84,1.07,29.440001,0
6/4/2003,20.620001,1.04,29.809999,0
6/5/2003,20.83,1.07,30.129999,0
6/6/2003,21.25,1.08,31.209999,0
6/9/2003,22.15,1.04,30,0
6/10/2003,20.639999,0.98,29.860001,0
6/11/2003,20.209999,1,30.07,0
6/12/2003,20.41,0.95,30.639999,0
6/13/2003,20.66,0.9,30.66,0
6/16/2003,20.219999,0.95,30.17,0
6/17/2003,20.01,1,31.02,0
6/18/2003,19.76,0.96,30.66,0
6/19/2003,19.799999,0.88,30.98,0
6/20/2003,19.139999,0.94,30.690001,0
6/23/2003,20.58,0.94,30.33,0
6/24/2003,20.75,0.91,29.73,0
6/25/2003,20.809999,1.05,29.67,0
6/26/2003,19.4,1.11,29.709999,0
6/27/2003,19.16,1.09,30.25,0
6/30/2003,19.52,1.09,30.16,0
7/1/2003,19.459999,1.07,29.700001,0
7/2/2003,19.030001,1.06,30.41,0
7/3/2003,19.389999,1.07,30.700001,0
7/4/2003,19.389999,1.07,30.700001,0
7/7/2003,20.059999,1.08,30.969999,0
7/8/2003,19.48,1.09,31.780001,0
7/9/2003,18.93,1.09,32.18,0
7/10/2003,19.190001,1.07,31.85,0
7/11/2003,18.469999,1.06,31.65,0
7/14/2003,19.59,1.07,32.34,0
7/15/2003,19.549999,1.1,32.529999,0
7/16/2003,19.76,1.12,32.459999,0
7/17/2003,20.219999,1.11,31.68,0
7/18/2003,19.110001,1.12,31.4,0
7/21/2003,19.780001,1.17,31.24,0
7/22/2003,19.17,1.12,31.110001,0
7/23/2003,18.639999,1.11,31.389999,0
7/24/2003,18.6,1.13,31.85,0
7/25/2003,17.75,1.13,31.129999,0
7/28/2003,18.360001,1.17,31.860001,0
7/29/2003,18.67,1.17,31.93,0
7/30/2003,18.85,1.17,31.709999,0
7/31/2003,19.49,1.28,31.790001,0
8/1/2003,20.75,1.31,31.690001,0
8/4/2003,21.27,1.24,31.42,0
8/5/2003,22.68,1.32,31.41,0
8/6/2003,21.5,1.28,30.360001,0
8/7/2003,20.26,1.26,30.219999,0
8/8/2003,19.59,1.22,30.43,0
8/11/2003,19.75,1.3,30.08,0
8/12/2003,17.940001,1.25,30.51,0
8/13/2003,18.77,1.31,30.98,0
8/14/2003,18.469999,1.31,30.879999,0
8/15/2003,18.27,1.3,31,0
8/18/2003,18.18,1.33,31.309999,0
8/19/2003,17.860001,1.29,32.110001,0
8/20/2003,17.82,1.3,32.099998,0
8/21/2003,17.84,1.37,32.59,0
8/22/2003,18.549999,1.35,33.259998,0
8/25/2003,19.530001,1.35,32.360001,0
8/26/2003,19.49,1.32,32.279999,0
8/27/2003,19.129999,1.38,32.490002,0
8/28/2003,18.48,1.34,32.939999,0
8/29/2003,18.629999,1.35,33.040001,0
9/1/2003,18.629999,1.35,33.040001,0
9/2/2003,19.02,1.39,33.490002,0
9/3/2003,19.440001,1.36,34.099998,0
9/4/2003,18.709999,1.33,33.830002,0
9/5/2003,18.17,1.24,33.970001,0
9/8/2003,18.26,1.27,34,0
9/9/2003,18.85,1.23,34.32,0
9/10/2003,20.01,1.2,33.75,0
9/11/2003,19.25,1.22,33.279999,0
9/12/2003,18.68,1.2,33.34,0
9/15/2003,19.280001,1.2,33.84,0
9/16/2003,18.030001,1.22,33.52,0
9/17/2003,18.15,1.19,34.330002,0
9/18/2003,17.57,1.23,34.169998,0
9/19/2003,17.540001,1.23,34.790001,0
9/22/2003,19.65,1.24,34.130001,0
9/23/2003,19.469999,1.24,33.970001,0
9/24/2003,21.219999,1.22,34.509998,0
9/25/2003,22.26,1.21,33.380001,0
9/26/2003,22.23,1.21,32.889999,0
9/29/2003,21.67,1.21,32.759998,0
9/30/2003,22.719999,1.15,32.919998,0
10/1/2003,21.07,1.13,32.610001,0
10/2/2003,20.799999,1.14,33.099998,0
10/3/2003,19.5,1.2,33.849998,0
10/6/2003,19.51,1.15,34.279999,0
10/7/2003,19.41,1.21,34.16,0
10/8/2003,19.18,1.21,34.810001,0
10/9/2003,18.82,1.22,34.91,0
10/10/2003,18.450001,1.21,34.77,0
10/13/2003,17.549999,1.21,35.139999,0
10/14/2003,17.370001,1.23,35.099998,0
10/15/2003,17.690001,1.27,35.799999,0
10/16/2003,17.190001,1.34,35.099998,0
10/17/2003,17.620001,1.31,35.41,0
10/20/2003,17.040001,1.32,34.650002,0
10/21/2003,16.549999,1.32,35.139999,0
10/22/2003,17.67,1.28,34.889999,0
10/23/2003,17.68,1.3,34.150002,0
10/24/2003,17.709999,1.27,33.790001,0
10/27/2003,18.049999,1.31,34.279999,0
10/28/2003,16.82,1.25,34.43,0
10/29/2003,16.43,1.29,35.200001,0
10/30/2003,16.33,1.32,35.810001,0
10/31/2003,16.1,1.31,35.439999,0
11/3/2003,16.549999,1.33,35.43,0
11/4/2003,16.549999,1.31,35.689999,0
11/5/2003,16.860001,1.35,35.52,0
11/6/2003,16.74,1.38,35.790001,0
11/7/2003,16.93,1.4,36.080002,0
11/10/2003,17.620001,1.39,35.700001,0
11/11/2003,17.540001,1.39,35.150002,0
11/12/2003,16.75,1.39,35.169998,0
11/13/2003,16.469999,1.33,35.709999,0
11/14/2003,16.940001,1.31,35.810001,0
11/17/2003,18.6,1.29,34.84,0
11/18/2003,19.110001,1.3,34.869999,0
11/19/2003,18.799999,1.32,34.009998,0
11/20/2003,19.48,1.28,33.919998,0
11/21/2003,18.98,1.29,34.080002,0
11/24/2003,17.440001,1.33,34.52,0
11/25/2003,16.709999,1.32,35.290001,0
11/26/2003,16.23,1.35,35.400002,0
11/27/2003,16.23,1.35,35.400002,0
11/28/2003,16.32,1.39,35.259998,0
12/1/2003,16.77,1.41,35.709999,0
12/2/2003,16.27,1.38,35.82,0
12/3/2003,16.629999,1.39,35.84,0
12/4/2003,16.299999,1.38,35.380001,0
12/5/2003,17.09,1.3,35.27,0
12/8/2003,16.540001,1.33,35.02,0
12/9/2003,17.629999,1.35,35.439999,0
12/10/2003,17.870001,1.33,34.5,0
12/11/2003,16.73,1.27,34.5,0
12/12/2003,16.41,1.28,35.310001,0
12/15/2003,17.23,1.3,35.93,0
12/16/2003,15.93,1.28,34.790001,0
12/17/2003,15.58,1.26,34.810001,0
12/18/2003,16.16,1.24,34.950001,0
12/19/2003,16.42,1.25,35.610001,0
12/22/2003,16.940001,1.27,35.349998,0
12/23/2003,16.49,1.31,35.599998,0
12/24/2003,16.66,1.28,35.84,0.014
12/25/2003,16.66,1.28,35.84,0
12/26/2003,17.450001,1.27,35.959999,0
12/29/2003,17.09,1.31,36.029999,0
12/30/2003,17.68,1.28,36.529999,0
12/31/2003,18.309999,1.26,36.619999,0
1/1/2004,18.309999,1.26,36.619999,0
1/2/2004,18.219999,1.31,36.66,0
1/5/2004,17.49,1.35,36.580002,0
1/6/2004,16.73,1.3,37.080002,0
1/7/2004,15.5,1.29,37.279999,0
1/8/2004,15.61,1.29,37.849998,0
1/9/2004,16.75,1.21,37.709999,0
1/12/2004,16.82,1.21,37.849998,0
1/13/2004,18.040001,1.18,38.27,0
1/14/2004,16.75,1.19,38.080002,0
1/15/2004,15.56,1.18,37.93,0
1/16/2004,15,1.21,38.380001,0
1/19/2004,15,1.21,38.380001,0
1/20/2004,15.21,1.21,38.73,0
1/21/2004,14.34,1.19,38.389999,0
1/22/2004,14.71,1.19,38.549999,0
1/23/2004,14.84,1.21,38.209999,0
1/26/2004,14.55,1.23,37.98,0
1/27/2004,15.35,1.21,38.509998,0
1/28/2004,16.780001,1.26,37.939999,0
1/29/2004,17.139999,1.29,37.240002,0
1/30/2004,16.629999,1.28,37.200001,0
2/2/2004,17.110001,1.29,37.200001,0
2/3/2004,17.34,1.27,36.91,0
2/4/2004,17.870001,1.27,36.619999,0
2/5/2004,17.709999,1.29,36.509998,0
2/6/2004,16,1.26,36.599998,0
2/9/2004,16.389999,1.25,37.34,0
2/10/2004,15.94,1.27,37.060001,0
2/11/2004,15.39,1.23,37.240002,0
2/12/2004,15.31,1.24,37.52,0
2/13/2004,15.58,1.21,37.389999,0
2/16/2004,15.58,1.21,37.389999,0
2/17/2004,15.4,1.21,37.279999,0
2/18/2004,15.59,1.23,37.509998,0
2/19/2004,15.8,1.23,37.869999,0
2/20/2004,16.040001,1.26,37,0
2/23/2004,16.290001,1.22,37,0
2/24/2004,15.9,1.23,36.299999,0
2/25/2004,14.93,1.23,36.43,0
2/26/2004,14.83,1.23,36.470001,0
2/27/2004,14.55,1.21,36.759998,0
3/1/2004,14.44,1.23,36.68,0
3/2/2004,14.86,1.26,36.98,0
3/3/2004,14.55,1.26,36.509998,0
3/4/2004,14.4,1.25,36.439999,0
3/5/2004,14.48,1.16,36.419998,0
3/8/2004,15.79,1.15,36.689999,0
3/9/2004,16.6,1.15,35.810001,0
3/10/2004,18.67,1.17,35.75,0
3/11/2004,20.67,1.15,35.07,0
3/12/2004,18.299999,1.18,35.18,0
3/15/2004,21.129999,1.18,35.360001,0
3/16/2004,20.34,1.17,35.110001,0
3/17/2004,18.110001,1.18,35.209999,0
3/18/2004,18.530001,1.17,35.369999,0
3/19/2004,19.15,1.19,35.279999,0
3/22/2004,21.58,1.17,34.529999,0
3/23/2004,20.67,1.17,34.59,0
3/24/2004,19.809999,1.16,34.150002,0
3/25/2004,17.879999,1.15,34.650002,0
3/26/2004,17.33,1.19,35.299999,0
3/29/2004,16.5,1.21,35.509998,0
3/30/2004,16.280001,1.21,35.669998,0
3/31/2004,16.74,1.2,35.919998,0
4/1/2004,16.65,1.23,35.810001,0
4/2/2004,15.64,1.3,36.889999,0
4/5/2004,14.97,1.34,37.009998,0
4/6/2004,15.32,1.31,37.16,0
4/7/2004,15.76,1.31,36.990002,0
4/8/2004,16.26,1.32,37.349998,0
4/9/2004,16.26,1.32,37.349998,0
4/12/2004,15.28,1.34,37.02,0
4/13/2004,17.26,1.39,37.34,0
4/14/2004,15.62,1.48,36.41,0
4/15/2004,15.74,1.46,36.75,0
4/16/2004,14.94,1.4,36.200001,0
4/19/2004,15.42,1.43,36.009998,0
4/20/2004,16.67,1.46,36.610001,0
4/21/2004,15.6,1.52,35.900002,0
4/22/2004,14.61,1.49,36,0
4/23/2004,14.01,1.59,37.080002,0
4/26/2004,14.77,1.57,37.18,0
4/27/2004,15.07,1.53,36.950001,0
4/28/2004,16.290001,1.54,36.709999,0
4/29/2004,16.6,1.55,36.09,0
4/30/2004,17.190001,1.55,35.66,0
5/3/2004,16.620001,1.6,35,0
5/4/2004,16.549999,1.57,35.209999,0
5/5/2004,15.77,1.56,35.419998,0
5/6/2004,17.049999,1.61,35.23,0
5/7/2004,18.129999,1.83,35.09,0
5/10/2004,19.77,1.85,34.669998,0
5/11/2004,18.57,1.83,34.970001,0
5/12/2004,18.139999,1.81,35.119999,0
5/13/2004,18.860001,1.84,35.060001,0
5/14/2004,18.469999,1.81,35.200001,0
5/17/2004,19.959999,1.8,34.380001,0
5/18/2004,19.33,1.83,34.66,0
5/19/2004,18.93,1.85,35.16,0
5/20/2004,18.67,1.81,34.779999,0
5/21/2004,18.49,1.84,35.009998,0
5/24/2004,18.08,1.86,35.299999,0
5/25/2004,15.96,1.84,35.150002,0
5/26/2004,15.97,1.81,35.860001,0
5/27/2004,15.28,1.77,36.290001,0
5/28/2004,15.5,1.83,36.380001,0
5/31/2004,15.5,1.83,36.380001,0
6/1/2004,16.299999,1.89,36.27,0
6/2/2004,16.08,1.92,36.560001,0
6/3/2004,17.030001,1.91,36.299999,0
6/4/2004,16.780001,1.97,36.34,0
6/7/2004,15.39,1.96,36.439999,0
6/8/2004,15.01,2.02,36.900002,0
6/9/2004,15.39,2.14,36.98,0
6/10/2004,15.04,2.14,36.689999,0
6/11/2004,15.04,2.14,36.689999,0
6/14/2004,16.07,2.25,36.610001,0
6/15/2004,15.05,2.16,36.560001,0
6/16/2004,14.79,2.24,36.77,0
6/17/2004,15.15,2.21,36.650002,0
6/18/2004,14.99,2.24,36.299999,0
6/21/2004,15.26,2.17,36.52,0
6/22/2004,14.31,2.21,36.16,0
6/23/2004,13.98,2.15,36.57,0
6/24/2004,14.81,2.11,37.02,0
6/25/2004,15.19,2.14,37,0
6/28/2004,16.07,2.3,37.490002,0
6/29/2004,15.47,2.2,37.099998,0
6/30/2004,14.34,2.09,37.450001,0
7/1/2004,15.2,2.07,37.66,0
7/2/2004,15.08,2.02,37.040001,0
7/5/2004,15.08,2.02,37.040001,0
7/6/2004,16.25,2.15,36.599998,0
7/7/2004,15.81,2,35.959999,0
7/8/2004,16.200001,1.99,35.810001,0
7/9/2004,15.78,2,35.84,0
7/12/2004,14.96,2.02,35.57,0
7/13/2004,14.46,2.05,35.68,0
7/14/2004,13.76,2.08,35.200001,0
7/15/2004,14.71,2.11,35.32,0
7/16/2004,14.34,2.08,35.43,0
7/19/2004,15.17,2.1,34.779999,0
7/20/2004,14.17,2.13,34.740002,0
7/21/2004,16.41,2.14,35.57,0
7/22/2004,15.75,2.12,34.48,0
7/23/2004,16.5,2.12,34.619999,0
7/26/2004,17.299999,2.18,34.240002,0
7/27/2004,16.549999,2.19,34.189999,0
7/28/2004,16.15,2.17,34.41,0
7/29/2004,15.68,2.15,34.709999,0
7/30/2004,15.32,2.13,34.759998,0
8/2/2004,15.37,2.12,34.610001,0
8/3/2004,16.030001,2.11,34.84,0
8/4/2004,16.209999,2.11,34.150002,0
8/5/2004,18.32,2.09,34.349998,0
8/6/2004,19.34,1.91,33.400002,0
8/9/2004,18.889999,1.97,32.810001,0
8/10/2004,17.469999,2.01,32.959999,0
8/11/2004,18.040001,2,32.849998,0
8/12/2004,19.08,1.99,32.689999,0
8/13/2004,17.98,1.97,32.650002,0
8/16/2004,17.57,2.01,32.610001,0
8/17/2004,17.02,1.98,33.119999,0
8/18/2004,16.23,1.97,33.060001,0
8/19/2004,16.959999,1.96,33.73,0
8/20/2004,16,1.98,33.57,0
8/23/2004,15.88,2.03,34.049999,0
8/24/2004,15.33,2.03,34.25,0
8/25/2004,14.98,2.03,34.07,0
8/26/2004,14.91,2.02,34.459999,0
8/27/2004,14.71,2.03,34.470001,0
8/30/2004,15.44,2.04,34.41,0
8/31/2004,15.29,1.99,34.02,0
9/1/2004,14.91,1.99,33.93,0
9/2/2004,14.28,2.02,34.18,0
9/3/2004,13.91,2.12,34.439999,0
9/6/2004,13.91,2.12,34.439999,0
9/7/2004,14.07,2.13,34.400002,0
9/8/2004,14.06,2.09,34.310001,0
9/9/2004,14.01,2.09,34.450001,0
9/10/2004,13.76,2.08,34.610001,0
9/13/2004,13.17,2.1,35.25,0
9/14/2004,13.56,2.08,35.450001,0
9/15/2004,14.64,2.09,35.419998,0
9/16/2004,14.39,2.06,35.259998,0
9/17/2004,14.03,2.11,35.23,0
9/20/2004,14.43,2.1,35.290001,0
9/21/2004,13.66,2.12,35.540001,0
9/22/2004,14.74,2.12,35.439999,0
9/23/2004,14.8,2.16,34.98,0
9/24/2004,14.28,2.2,34.990002,0
9/27/2004,14.62,2.2,34.619999,0
9/28/2004,13.83,2.18,34.549999,0
9/29/2004,13.21,2.2,34.540001,0
9/30/2004,13.34,2.21,35.02,0
10/1/2004,12.75,2.21,35.450001,0
10/4/2004,13.41,2.25,36.360001,0
10/5/2004,13.95,2.23,36.23,0
10/6/2004,13.28,2.26,36.310001,0
10/7/2004,14.5,2.26,36.540001,0
10/8/2004,15.05,2.21,36.080002,0
10/11/2004,14.71,2.21,35.720001,0
10/12/2004,15.05,2.2,35.43,0
10/13/2004,15.42,2.17,36.049999,0
10/14/2004,16.43,2.15,35.689999,0
10/15/2004,15.04,2.18,35.490002,0
10/18/2004,14.71,2.21,35.509998,0
10/19/2004,15.13,2.22,36.380001,0
10/20/2004,14.85,2.2,35.830002,0
10/21/2004,14.54,2.23,36.240002,0
10/22/2004,15.28,2.23,36.610001,0
10/25/2004,16.58,2.24,35.73,0
10/26/2004,16.389999,2.24,35.650002,0
10/27/2004,15.72,2.3,35.84,0
10/28/2004,15.39,2.29,36.68,0
10/29/2004,16.27,2.28,36.91,0
11/1/2004,16.27,2.34,36.98,0
11/2/2004,16.18,2.33,37.09,0
11/3/2004,14.04,2.32,37.759998,0
11/4/2004,13.97,2.34,37.259998,0
11/5/2004,13.84,2.44,38.02,0
11/8/2004,13.8,2.47,37.950001,0
11/9/2004,13.61,2.46,37.93,0
11/10/2004,13.08,2.47,37.93,0
11/11/2004,13.04,2.47,37.91,0
11/12/2004,13.33,2.49,38.34,0
11/15/2004,13.38,2.53,38.639999,0
11/16/2004,13.21,2.54,38.66,0
11/17/2004,13.21,2.5,38.830002,0
11/18/2004,12.98,2.51,38.98,0
11/19/2004,13.5,2.56,39.240002,0
11/22/2004,12.97,2.6,38.610001,0
11/23/2004,12.67,2.6,39.009998,0
11/24/2004,12.72,2.6,39.09,0
11/25/2004,12.72,2.6,39.09,0
11/26/2004,12.78,2.61,39.369999,0
11/29/2004,13.3,2.66,39.459999,0
11/30/2004,13.24,2.63,39.299999,0
12/1/2004,12.97,2.6,39.27,0
12/2/2004,12.98,2.62,39.82,0
12/3/2004,12.96,2.58,40.349998,0
12/6/2004,13.19,2.6,40.119999,0
12/7/2004,13.67,2.6,40.349998,0
12/8/2004,13.19,2.59,39.599998,0
12/9/2004,12.88,2.59,39.490002,0
12/10/2004,12.76,2.61,39.84,0
12/13/2004,12.54,2.66,40.23,0
12/14/2004,12.73,2.65,40.279999,0
12/15/2004,12.35,2.64,40.490002,0
12/16/2004,12.27,2.66,40.34,0
12/17/2004,11.95,2.67,39.639999,0.379
12/20/2004,11.83,2.72,39.57,0
12/21/2004,11.55,2.72,39.389999,0
12/22/2004,11.45,2.71,39.540001,0
12/23/2004,11.23,2.7,39.610001,0
12/24/2004,11.23,2.7,39.610001,0
12/27/2004,12.14,2.78,39.98,0
12/28/2004,12,2.77,39.669998,0
12/29/2004,11.62,2.77,39.919998,0
12/30/2004,12.56,2.76,40.07,0
12/31/2004,13.29,2.75,40.029999,0
1/3/2005,14.08,2.79,40.09,0
1/4/2005,13.98,2.82,39.669998,0
1/5/2005,14.09,2.83,38.68,0
1/6/2005,13.58,2.82,38.630001,0
1/7/2005,13.49,2.82,38.560001,0
1/10/2005,13.23,2.86,38.439999,0
1/11/2005,13.19,2.86,38.369999,0
1/12/2005,12.56,2.84,38.43,0
1/13/2005,12.84,2.84,38.580002,0
1/14/2005,12.43,2.87,38.200001,0
1/17/2005,12.43,2.87,38.200001,0
1/18/2005,12.47,2.9,38.279999,0
1/19/2005,13.18,2.88,38.73,0
1/20/2005,13.83,2.85,37.650002,0
1/21/2005,14.36,2.83,37.48,0
1/24/2005,14.65,2.86,37.119999,0
1/25/2005,14.06,2.88,36.77,0
1/26/2005,13.44,2.9,36.959999,0
1/27/2005,13.24,2.91,37.09,0
1/28/2005,13.24,2.89,37.220001,0
1/31/2005,12.82,2.96,37.360001,0
2/1/2005,12.03,2.95,37.490002,0
2/2/2005,11.66,2.95,37.639999,0
2/3/2005,11.79,2.96,37.380001,0
2/4/2005,11.21,2.93,37.150002,0
2/7/2005,11.73,2.96,37.799999,0
2/8/2005,11.6,2.97,37.66,0
2/9/2005,12,2.93,37.77,0
2/10/2005,11.51,2.96,37.259998,0
2/11/2005,11.43,3,37.029999,0
2/14/2005,11.52,3.03,37.700001,0
2/15/2005,11.27,3.03,37.900002,0
2/16/2005,11.1,3.05,38.029999,0
2/17/2005,11.77,3.03,38.049999,0
2/18/2005,11.18,3.09,37.48,0
2/21/2005,11.18,3.09,37.48,0
2/22/2005,13.14,3.12,37.029999,0
2/23/2005,12.39,3.12,37.040001,0
2/24/2005,11.57,3.13,36.849998,0
2/25/2005,11.49,3.15,37.380001,0
2/28/2005,12.08,3.2,37.459999,0
3/1/2005,12.04,3.2,37.369999,0
3/2/2005,12.5,3.19,37.41,0
3/3/2005,12.93,3.19,37.709999,0
3/4/2005,11.94,3.2,37.599998,0
3/7/2005,12.26,3.22,37.599998,0
3/8/2005,12.4,3.23,38.009998,0
3/9/2005,12.7,3.24,37.669998,0
3/10/2005,12.49,3.25,37.610001,0
3/11/2005,12.8,3.28,37.689999,0
3/14/2005,12.39,3.32,37.240002,0
3/15/2005,13.15,3.32,37.419998,0
3/16/2005,13.49,3.3,36.91,0
3/17/2005,13.29,3.29,36.610001,0
3/18/2005,13.14,3.32,36.75,0
3/21/2005,13.61,3.33,36.599998,0
3/22/2005,14.27,3.4,36.610001,0
3/23/2005,14.06,3.38,36.09,0
3/24/2005,13.42,3.41,36.389999,0
3/25/2005,13.42,3.41,36.389999,0
3/28/2005,13.75,3.43,36.41,0
3/29/2005,14.49,3.41,36.27,0
3/30/2005,13.64,3.39,36.23,0
3/31/2005,14.02,3.35,36.73,0
4/1/2005,14.09,3.34,36.82,0
4/4/2005,14.11,3.34,36.25,0
4/5/2005,13.68,3.34,36.490002,0
4/6/2005,13.15,3.31,36.66,0
4/7/2005,12.33,3.32,36.529999,0
4/8/2005,12.62,3.35,37,0
4/11/2005,11.98,3.37,36.75,0
4/12/2005,11.3,3.34,36.439999,0
4/13/2005,13.31,3.32,36.560001,0
4/14/2005,14.53,3.3,36.060001,0
4/15/2005,17.74,3.26,35.240002,0
4/18/2005,16.559999,3.29,34.709999,0
4/19/2005,14.96,3.26,35.02,0
4/20/2005,16.92,3.25,35.209999,0
4/21/2005,14.41,3.31,35.119999,0
4/22/2005,15.38,3.3,35.459999,0
4/25/2005,14.62,3.34,35.299999,0
4/26/2005,14.91,3.35,35.290001,0
4/27/2005,14.87,3.33,34.869999,0
4/28/2005,16.860001,3.3,34.919998,0
4/29/2005,15.31,3.33,35,0
5/2/2005,15.12,3.34,35.099998,0
5/3/2005,14.53,3.35,35.049999,0
5/4/2005,13.85,3.32,35.290001,0
5/5/2005,13.98,3.29,35.75,0
5/6/2005,14.05,3.37,35.970001,0
5/9/2005,13.75,3.4,35.869999,0
5/10/2005,14.91,3.37,35.860001,0
5/11/2005,14.45,3.35,35.82,0
5/12/2005,16.120001,3.34,36.029999,0
5/13/2005,16.32,3.29,35.990002,0
5/16/2005,15.68,3.33,36.240002,0
5/17/2005,14.57,3.32,36.349998,0
5/18/2005,13.63,3.29,36.799999,0
5/19/2005,13.32,3.31,37.290001,0
5/20/2005,13.14,3.35,37.450001,0
5/23/2005,12.95,3.35,37.66,0
5/24/2005,12.69,3.32,37.759998,0
5/25/2005,12.58,3.32,37.84,0
5/26/2005,12.24,3.31,37.98,0
5/27/2005,12.15,3.31,38.139999,0
5/30/2005,12.15,3.31,38.139999,0
5/31/2005,13.29,3.32,38.189999,0
6/1/2005,12.36,3.25,38.029999,0
6/2/2005,11.84,3.26,38.330002,0
6/3/2005,12.15,3.28,38.630001,0
6/6/2005,12.28,3.3,38.119999,0
6/7/2005,12.39,3.28,38.150002,0
6/8/2005,12.7,3.3,37.880001,0
6/9/2005,12.08,3.31,37.66,0
6/10/2005,11.96,3.33,37.900002,0
6/13/2005,11.65,3.38,37.48,0
6/14/2005,11.79,3.39,37.689999,0
6/15/2005,11.46,3.39,37.830002,0
6/16/2005,11.15,3.38,37.740002,0
6/17/2005,11.48,3.39,38.110001,0.035
6/20/2005,11.47,3.42,37.720001,0
6/21/2005,11.08,3.42,37.84,0
6/22/2005,11.05,3.37,38,0
6/23/2005,12.13,3.39,37.869999,0
6/24/2005,12.18,3.38,37.380001,0
6/27/2005,12.52,3.42,36.950001,0
6/28/2005,11.58,3.46,36.950001,0
6/29/2005,11.77,3.44,37.25,0
6/30/2005,12.04,3.45,37.139999,0
7/1/2005,11.4,3.51,36.860001,0
7/4/2005,11.4,3.51,36.860001,0
7/5/2005,11.68,3.55,36.599998,0
7/6/2005,12.27,3.53,37.029999,0
7/7/2005,12.49,3.48,36.580002,0
7/8/2005,11.45,3.52,37.080002,0
7/11/2005,11.28,3.58,37.869999,0
7/12/2005,10.95,3.59,38.119999,0
7/13/2005,10.84,3.59,38.32,0
7/14/2005,10.81,3.6,38.669998,0
7/15/2005,10.33,3.61,38.830002,0
7/18/2005,10.77,3.66,38.790001,0
7/19/2005,10.45,3.65,38.91,0
7/20/2005,10.23,3.66,38.939999,0
7/21/2005,10.97,3.72,39.560001,0
7/22/2005,10.52,3.72,39.48,0
7/25/2005,11.1,3.77,39.459999,0
7/26/2005,10.99,3.76,39.389999,0
7/27/2005,10.36,3.77,39.450001,0
7/28/2005,10.52,3.75,39.75,0
7/29/2005,11.57,3.8,39.869999,0
8/1/2005,12.08,3.83,39.639999,0
8/2/2005,11.75,3.84,39.700001,0
8/3/2005,11.83,3.82,39.91,0
8/4/2005,12.52,3.83,39.880001,0
8/5/2005,12.48,3.87,39.610001,0
8/8/2005,13.21,3.93,39.52,0
8/9/2005,12.4,3.9,39.369999,0
8/10/2005,12.38,3.9,39.549999,0
8/11/2005,12.42,3.89,39.130001,0
8/12/2005,12.74,3.88,39.119999,0
8/15/2005,12.26,3.91,39.139999,0
8/16/2005,13.52,3.88,39.299999,0
8/17/2005,13.3,3.89,38.919998,0
8/18/2005,13.42,3.86,38.869999,0
8/19/2005,13.42,3.89,38.889999,0
8/22/2005,13.42,3.89,38.880001,0
8/23/2005,13.34,3.88,38.84,0
8/24/2005,14.17,3.87,38.650002,0
8/25/2005,13.73,3.87,38.57,0
8/26/2005,13.72,3.9,38.529999,0
8/29/2005,13.52,3.91,38.259998,0
8/30/2005,13.65,3.85,38.560001,0
8/31/2005,12.6,3.77,38.639999,0
9/1/2005,13.15,3.66,39,0
9/2/2005,13.57,3.67,39,0
9/5/2005,13.57,3.67,39,0
9/6/2005,12.93,3.73,38.950001,0
9/7/2005,12.52,3.77,39.299999,0
9/8/2005,12.93,3.77,39.290001,0
9/9/2005,11.98,3.78,39.41,0
9/12/2005,11.65,3.83,39.630001,0
9/13/2005,12.39,3.81,39.68,0
9/14/2005,12.91,3.81,39.650002,0
9/15/2005,12.49,3.81,39.259998,0
9/16/2005,11.22,3.86,39.25,0
9/19/2005,12.14,3.87,39.32,0
9/20/2005,12.64,3.92,39.16,0
9/21/2005,13.79,3.88,38.82,0
9/22/2005,13.33,3.86,38.439999,0
9/23/2005,12.96,3.89,38.5,0
9/26/2005,13.04,3.95,38.970001,0
9/27/2005,12.76,3.95,38.790001,0
9/28/2005,12.63,3.95,38.759998,0
9/29/2005,12.24,3.97,38.630001,0
9/30/2005,11.92,4.01,39.169998,0
10/3/2005,12.46,4.09,39.540001,0
10/4/2005,13.2,4.09,39.619999,0
10/5/2005,14.55,4.07,39.310001,0
10/6/2005,14.96,4.07,38.73,0
10/7/2005,14.59,4.06,38.400002,0
10/10/2005,15.55,4.06,38.27,0
10/11/2005,15.63,4.14,38.240002,0
10/12/2005,16.219999,4.14,37.720001,0
10/13/2005,16.469999,4.14,37.470001,0
10/14/2005,14.87,4.15,37.880001,0
10/17/2005,14.67,4.21,38.07,0
10/18/2005,15.33,4.19,38.139999,0
10/19/2005,13.5,4.18,37.720001,0
10/20/2005,16.110001,4.2,38.709999,0
10/21/2005,16.129999,4.18,38.669998,0
10/24/2005,14.74,4.22,38.73,0
10/25/2005,14.53,4.26,39.09,0
10/26/2005,14.59,4.27,38.98,0
10/27/2005,16.02,4.26,38.779999,0
10/28/2005,14.25,4.28,38.16,0
10/31/2005,15.32,4.31,38.450001,0
11/1/2005,14.85,4.31,38.779999,0
11/2/2005,13.48,4.31,38.73,0
11/3/2005,13,4.33,39.740002,0
11/4/2005,13.17,4.34,40,0
11/7/2005,13.1,4.36,40.209999,0
11/8/2005,13.08,4.34,40.080002,0
11/9/2005,12.8,4.37,40.119999,0
11/10/2005,11.9,4.34,40.18,0
11/11/2005,11.63,4.34,40.77,0
11/14/2005,12.18,4.4,40.77,0
11/15/2005,12.23,4.38,40.73,0
11/16/2005,12.26,4.34,40.630001,0
11/17/2005,11.25,4.32,40.91,0
11/18/2005,11.12,4.34,41.52,0
11/21/2005,10.82,4.33,41.400002,0
11/22/2005,10.6,4.26,41.470001,0
11/23/2005,10.96,4.31,41.73,0
11/24/2005,10.96,4.31,41.73,0
11/25/2005,10.88,4.29,41.84,0
11/28/2005,11.84,4.32,42,0
11/29/2005,11.89,4.35,41.77,0
11/30/2005,12.06,4.34,41.279999,0
12/1/2005,11.24,4.36,41.509998,0
12/2/2005,11.01,4.35,41.939999,0
12/5/2005,11.6,4.39,42.060001,0
12/6/2005,11.52,4.36,42.029999,0
12/7/2005,12.18,4.35,42,0
12/8/2005,12.21,4.3,41.959999,0
12/9/2005,11.69,4.33,41.560001,0
12/12/2005,11.47,4.38,41.869999,0
12/13/2005,11.11,4.37,41.82,0
12/14/2005,10.48,4.32,41.950001,0
12/15/2005,10.73,4.33,42,0
12/16/2005,10.68,4.32,41.860001,0.101
12/19/2005,11.38,4.38,41.669998,0
12/20/2005,11.19,4.39,40.950001,0
12/21/2005,10.81,4.38,41.02,0
12/22/2005,10.29,4.35,41.110001,0
12/23/2005,10.27,4.33,41.509998,0
12/26/2005,10.27,4.33,41.509998,0
12/27/2005,11.57,4.35,41.52,0
12/28/2005,11.35,4.34,41.060001,0
12/29/2005,11.61,4.35,41.029999,0
12/30/2005,12.07,4.38,40.540001,0
1/2/2006,12.07,4.38,40.540001,0
1/3/2006,11.14,4.38,40.650002,0
1/4/2006,11.37,4.35,41.41,0
1/5/2006,11.31,4.36,41.75,0
1/6/2006,11,4.38,42.259998,0
1/9/2006,11.13,4.39,42.68,0
1/10/2006,10.86,4.42,42.66,0
1/11/2006,10.94,4.44,43,0
1/12/2006,11.2,4.42,43.16,0
1/13/2006,11.23,4.4,42.939999,0
1/16/2006,11.23,4.4,42.939999,0
1/17/2006,11.91,4.42,42.650002,0
1/18/2006,12.25,4.42,42.029999,0
1/19/2006,11.98,4.43,42.419998,0
1/20/2006,14.56,4.44,42.459999,0
1/23/2006,13.93,4.45,41.360001,0
1/24/2006,13.31,4.46,41.360001,0
1/25/2006,12.87,4.51,41.639999,0
1/26/2006,12.42,4.52,41.5,0
1/27/2006,11.97,4.54,41.799999,0
1/30/2006,12.39,4.59,42.18,0
1/31/2006,12.95,4.58,42.169998,0
2/1/2006,12.36,4.6,41.740002,0
2/2/2006,13.23,4.61,42.009998,0
2/3/2006,12.96,4.62,41.119999,0
2/6/2006,13.04,4.66,40.720001,0
2/7/2006,13.59,4.65,40.740002,0
2/8/2006,12.83,4.66,40.919998,0
2/9/2006,13.12,4.66,41.209999,0
2/10/2006,12.87,4.7,40.68,0
2/13/2006,13.35,4.7,40.700001,0
2/14/2006,12.25,4.71,40.57,0
2/15/2006,12.31,4.7,40.790001,0
2/16/2006,11.48,4.69,41.310001,0
2/17/2006,12.01,4.68,41.459999,0
2/20/2006,12.01,4.68,41.459999,0
2/21/2006,12.41,4.73,41.209999,0
2/22/2006,11.88,4.69,40.779999,0
2/23/2006,11.87,4.73,41.189999,0
2/24/2006,11.46,4.73,41.189999,0
2/27/2006,11.59,4.76,41.360001,0
2/28/2006,12.34,4.73,41.610001,0
3/1/2006,11.54,4.74,41.23,0
3/2/2006,11.72,4.74,41.549999,0
3/3/2006,11.96,4.75,41.450001,0
3/6/2006,12.74,4.77,41.540001,0
3/7/2006,12.66,4.77,41.02,0
3/8/2006,12.32,4.76,40.759998,0
3/9/2006,12.68,4.76,41,0
3/10/2006,11.85,4.77,40.48,0
3/13/2006,11.37,4.8,40.740002,0
3/14/2006,10.74,4.75,40.639999,0
3/15/2006,11.35,4.77,41.529999,0
3/16/2006,11.98,4.72,41.849998,0
3/17/2006,12.12,4.74,41.34,0.029
3/20/2006,11.79,4.74,41.57,0
3/21/2006,11.62,4.79,41.110001,0
3/22/2006,11.21,4.78,40.880001,0
3/23/2006,11.17,4.8,41.09,0
3/24/2006,11.19,4.76,41.23,0
3/27/2006,11.46,4.77,41.279999,0
3/28/2006,11.58,4.82,41.389999,0
3/29/2006,10.95,4.83,41.200001,0
3/30/2006,11.57,4.84,42.009998,0
3/31/2006,11.39,4.82,42.130001,0
4/3/2006,11.57,4.86,42.150002,0
4/4/2006,11.14,4.85,42.049999,0
4/5/2006,11.13,4.82,42.299999,0
4/6/2006,11.45,4.85,42.59,0
4/7/2006,12.26,4.86,42.880001,0
4/10/2006,12.19,4.89,42.400002,0
4/11/2006,13,4.88,42.389999,0
4/12/2006,12.76,4.91,41.939999,0
4/13/2006,12.38,4.95,41.900002,0
4/14/2006,12.38,4.95,41.900002,0
4/17/2006,12.58,4.93,42.040001,0
4/18/2006,11.4,4.88,41.77,0
4/19/2006,11.32,4.89,42.540001,0
4/20/2006,11.64,4.9,42.639999,0
4/21/2006,11.59,4.9,42.66,0
4/24/2006,11.75,4.92,41.950001,0
4/25/2006,11.75,4.95,42.07,0
4/26/2006,11.76,4.98,41.860001,0
4/27/2006,11.84,4.93,41.669998,0
4/28/2006,11.59,4.9,42,0
5/1/2006,12.54,4.97,41.919998,0
5/2/2006,11.99,4.96,41.619999,0
5/3/2006,11.99,4.98,41.57,0
5/4/2006,11.86,5,41.529999,0
5/5/2006,11.62,4.98,42.099998,0
5/8/2006,12,5.01,42.080002,0
5/9/2006,11.99,5.01,42.099998,0
5/10/2006,11.78,5.02,41.93,0
5/11/2006,12.49,4.99,41.630001,0
5/12/2006,14.19,5,40.560001,0
5/15/2006,13.57,5.01,40.02,0
5/16/2006,13.35,4.98,40.169998,0
5/17/2006,16.26,4.99,39.68,0
5/18/2006,16.99,4.96,39.490002,0
5/19/2006,17.18,4.98,39.200001,0
5/22/2006,17.719999,4.99,39.009998,0
5/23/2006,18.26,5,39.259998,0
5/24/2006,17.360001,4.97,38.529999,0
5/25/2006,15.5,5,39.110001,0
5/26/2006,14.26,5,39.450001,0
5/29/2006,14.26,5,39.450001,0
5/30/2006,18.66,5.02,39.299999,0
5/31/2006,16.440001,5.07,38.709999,0
6/1/2006,14.52,5.05,38.93,0
6/2/2006,14.32,4.98,39.959999,0
6/5/2006,16.65,5.02,39.560001,0
6/6/2006,17.34,5.03,38.849998,0
6/7/2006,17.799999,5.05,38.799999,0
6/8/2006,18.35,5.04,38.27,0
6/9/2006,18.120001,5.05,38.560001,0
6/12/2006,20.959999,5.09,38.200001,0
6/13/2006,23.809999,5.09,37.490002,0
6/14/2006,21.459999,5.15,37.360001,0
6/15/2006,15.9,5.15,37.849998,0
6/16/2006,17.25,5.18,38.549999,0.026
6/19/2006,17.83,5.23,38.5,0
6/20/2006,16.690001,5.23,38.09,0
6/21/2006,15.52,5.22,38.139999,0
6/22/2006,15.88,5.24,38.59,0
6/23/2006,15.89,5.27,38.16,0
6/26/2006,15.62,5.3,38.169998,0
6/27/2006,16.4,5.28,38.27,0
6/28/2006,15.79,5.3,37.619999,0
6/29/2006,13.03,5.25,37.98,0
6/30/2006,13.08,5.21,39.119999,0
7/3/2006,13.05,5.26,38.889999,0
7/4/2006,13.05,5.26,38.889999,0
7/5/2006,14.15,5.29,38.639999,0
7/6/2006,13.65,5.28,38.27,0
7/7/2006,13.97,5.25,37.900002,0
7/10/2006,14.02,5.27,37.790001,0
7/11/2006,13.14,5.26,37.279999,0
7/12/2006,14.49,5.26,37.560001,0
7/13/2006,17.790001,5.22,36.639999,0
7/14/2006,18.049999,5.2,36.299999,0
7/17/2006,18.639999,5.24,35.950001,0
7/18/2006,17.74,5.28,36.220001,0
7/19/2006,15.55,5.22,36.119999,0
7/20/2006,16.209999,5.18,36.75,0
7/21/2006,17.4,5.19,35.880001,0
7/24/2006,14.98,5.21,35.84,0
7/25/2006,14.85,5.21,36.490002,0
7/26/2006,14.62,5.16,36.509998,0
7/27/2006,14.94,5.16,36.740002,0
7/28/2006,14.33,5.1,36.529999,0
7/31/2006,14.95,5.11,37.080002,0
8/1/2006,15.05,5.11,36.77,0
8/2/2006,14.34,5.11,36.610001,0
8/3/2006,14.46,5.12,36.52,0
8/4/2006,14.34,5.07,37.450001,0
8/7/2006,15.23,5.12,36.91,0
8/8/2006,15.23,5.08,36.810001,0
8/9/2006,15.2,5.07,36.990002,0
8/10/2006,14.46,5.08,36.43,0
8/11/2006,14.3,5.12,36.650002,0
8/14/2006,14.26,5.17,36.84,0
8/15/2006,13.42,5.11,37.200001,0
8/16/2006,12.41,5.06,37.98,0
8/17/2006,12.24,5.08,38.459999,0
8/18/2006,11.64,5.08,38.630001,0
8/21/2006,12.22,5.07,38.5,0
8/22/2006,12.19,5.07,38.360001,0
8/23/2006,12.4,5.07,38.459999,0
8/24/2006,12.4,5.07,38.25,0
8/25/2006,12.31,5.06,38.169998,0
8/28/2006,12.18,5.08,38.290001,0
8/29/2006,12.28,5.06,38.580002,0
8/30/2006,12.22,5.03,38.720001,0
8/31/2006,12.31,5.01,38.959999,0
9/1/2006,11.96,4.99,39.080002,0
9/4/2006,11.96,4.99,39.080002,0
9/5/2006,12.63,5.02,39.099998,0
9/6/2006,13.74,5.02,39.099998,0
9/7/2006,13.88,5.02,38.549999,0
9/8/2006,13.16,5,38.540001,0
9/11/2006,12.99,5.03,38.41,0
9/12/2006,11.92,5.02,38.950001,0
9/13/2006,11.18,4.99,39.709999,0
9/14/2006,11.55,5.02,39.849998,0
9/15/2006,11.76,5.03,40.299999,0.023
9/18/2006,11.78,5.04,40.119999,0
9/19/2006,11.98,4.99,40.220001,0
9/20/2006,11.39,5,40.200001,0
9/21/2006,12.25,4.93,40.529999,0
9/22/2006,12.59,4.9,40.150002,0
9/25/2006,12.12,4.88,40.040001,0
9/26/2006,11.53,4.91,40.52,0
9/27/2006,11.58,4.89,40.669998,0
9/28/2006,11.72,4.9,40.77,0
9/29/2006,11.98,4.91,40.900002,0
10/2/2006,12.57,4.9,40.599998,0
10/3/2006,12.24,4.9,40.02,0
10/4/2006,11.86,4.87,40.240002,0
10/5/2006,11.98,4.9,41.299999,0
10/6/2006,11.56,4.94,41.360001,0
10/9/2006,11.68,4.94,41.360001,0
10/10/2006,11.52,5,41.599998,0
10/11/2006,11.62,5.02,41.43,0
10/12/2006,11.09,5.03,41.759998,0
10/13/2006,10.75,5.05,42.23,0
10/16/2006,11.09,5.05,42.43,0
10/17/2006,11.73,5.04,42.169998,0
10/18/2006,11.34,5.04,42.220001,0
10/19/2006,10.9,5.05,41.689999,0
10/20/2006,10.63,5.05,42.040001,0
10/23/2006,11.08,5.09,41.919998,0
10/24/2006,10.78,5.1,42.279999,0
10/25/2006,10.66,5.08,42.16,0
10/26/2006,10.56,5.06,42.580002,0
10/27/2006,10.8,5.02,42.720001,0
10/30/2006,11.2,5.03,42.16,0
10/31/2006,11.1,4.99,42.560001,0
11/1/2006,11.51,4.95,42.73,0
11/2/2006,11.42,4.97,41.810001,0
11/3/2006,11.16,5.06,42.099998,0
11/6/2006,11.16,5.06,42.07,0
11/7/2006,11.09,5.03,42.540001,0
11/8/2006,10.75,5.02,42.59,0
11/9/2006,11.01,5.02,43.259998,0
11/10/2006,10.79,5.01,42.84,0
11/13/2006,10.86,5.03,43.049999,0
11/14/2006,10.5,5.01,43.5,0
11/15/2006,10.31,5.04,43.990002,0
11/16/2006,10.16,5.06,44.259998,0
11/17/2006,10.05,5.02,44.060001,0
11/20/2006,9.97,5.02,44.16,0
11/21/2006,9.9,5.02,44.419998,0
11/22/2006,10.14,5.01,44.580002,0
11/23/2006,10.14,5.01,44.580002,0
11/24/2006,10.73,5,44.400002,0
11/27/2006,12.3,5,44.509998,0
11/28/2006,11.62,4.98,43.509998,0
11/29/2006,10.83,4.98,44,0
11/30/2006,10.91,4.94,44.049999,0
12/1/2006,11.66,4.87,44,0
12/4/2006,11.23,4.87,43.790001,0
12/5/2006,11.27,4.86,44.389999,0
12/6/2006,11.33,4.9,44.279999,0
12/7/2006,12.67,4.9,44.34,0
12/8/2006,12.07,4.95,43.560001,0
12/11/2006,10.71,4.94,43.830002,0
12/12/2006,10.65,4.91,44.049999,0
12/13/2006,10.18,4.95,44.099998,0
12/14/2006,9.97,4.97,43.970001,0
12/15/2006,10.05,4.96,44.68,0.054
12/18/2006,10.6,4.97,44.580002,0
12/19/2006,10.3,4.96,43.650002,0
12/20/2006,10.26,4.96,43.900002,0
12/21/2006,10.53,4.93,43.740002,0
12/22/2006,11.36,4.96,43.400002,0
12/25/2006,11.36,4.96,43.400002,0
12/26/2006,11.26,4.97,42.93,0
12/27/2006,10.64,4.99,43.209999,0
12/28/2006,10.99,5.01,43.200001,0
12/29/2006,11.56,5,43.189999,0
1/1/2007,11.56,5,43.189999,0
1/2/2007,11.56,5,43.189999,0
1/3/2007,12.04,4.98,43.459999,0
1/4/2007,11.51,4.95,43.299999,0
1/5/2007,12.14,4.98,43.950001,0
1/8/2007,12,5.01,43.889999,0
1/9/2007,11.91,5.02,44.009998,0
1/10/2007,11.47,5.02,43.959999,0
1/11/2007,10.87,5.05,44.709999,0
1/12/2007,10.15,5.06,45.02,0
1/15/2007,10.15,5.06,45.02,0
1/16/2007,10.74,5.06,45.349998,0
1/17/2007,10.59,5.08,45.09,0
1/18/2007,10.85,5.07,44.790001,0
1/19/2007,10.4,5.09,43.970001,0
1/22/2007,10.77,5.09,44.209999,0
1/23/2007,10.34,5.1,43.66,0
1/24/2007,9.89,5.09,43.860001,0
1/25/2007,11.22,5.11,44.360001,0
1/26/2007,11.13,5.12,43.810001,0
1/29/2007,11.45,5.12,43.459999,0
1/30/2007,10.96,5.11,43.68,0
1/31/2007,10.42,5.09,43.580002,0
2/1/2007,10.31,5.09,44.27,0
2/2/2007,10.08,5.08,44.119999,0
2/5/2007,10.55,5.08,44.139999,0
2/6/2007,10.65,5.07,44.200001,0
2/7/2007,10.32,5.06,44.279999,0
2/8/2007,10.44,5.06,44.400002,0
2/9/2007,11.1,5.08,44.57,0
2/12/2007,11.61,5.1,43.869999,0
2/13/2007,10.34,5.1,43.779999,0
2/14/2007,10.23,5.06,44.040001,0
2/15/2007,10.22,5.04,44.630001,0
2/16/2007,10.02,5.05,44.66,0
2/19/2007,10.02,5.05,44.66,0
2/20/2007,10.24,5.04,44.639999,0
2/21/2007,10.2,5.05,44.919998,0
2/22/2007,10.18,5.07,45.360001,0
2/23/2007,10.58,5.05,45.419998,0
2/26/2007,11.15,5.05,45.48,0
2/27/2007,18.309999,4.93,44.369999,0
2/28/2007,15.42,4.96,43.150002,0
3/1/2007,15.82,4.95,42.549999,0
3/2/2007,18.610001,4.9,42.779999,0
3/5/2007,19.629999,4.89,42.150002,0
3/6/2007,15.96,4.92,42.529999,0
3/7/2007,15.24,4.9,42.860001,0
3/8/2007,14.29,4.91,43.130001,0
3/9/2007,14.09,4.98,43.330002,0
3/12/2007,13.99,4.96,42.869999,0
3/13/2007,18.129999,4.9,43,0
3/14/2007,17.27,4.91,42.43,0
3/15/2007,16.43,4.93,42.900002,0
3/16/2007,16.790001,4.95,42.939999,0.027
3/19/2007,14.59,4.96,43.060001,0
3/20/2007,13.27,4.94,43.259998,0
3/21/2007,12.19,4.89,43.639999,0
3/22/2007,12.93,4.91,44.439999,0
3/23/2007,12.95,4.93,44.259998,0
3/26/2007,13.16,4.91,44.139999,0
3/27/2007,13.48,4.91,44.23,0
3/28/2007,14.98,4.9,43.799999,0
3/29/2007,15.14,4.9,43.82,0
3/30/2007,14.64,4.9,43.560001,0
4/2/2007,14.53,4.92,43.669998,0
4/3/2007,13.46,4.93,43.82,0
4/4/2007,13.24,4.92,44.189999,0
4/5/2007,13.23,4.93,44.290001,0
4/6/2007,13.23,4.98,44.290001,0
4/9/2007,13.14,4.98,44.709999,0
4/10/2007,12.68,4.97,44.439999,0
4/11/2007,13.49,4.97,44.639999,0
4/12/2007,12.71,4.97,44.139999,0
4/13/2007,12.2,4.98,44.57,0
4/16/2007,11.98,4.97,44.830002,0
4/17/2007,12.14,4.93,45.150002,0
4/18/2007,12.42,4.91,44.93,0
4/19/2007,12.54,4.91,44.810001,0
4/20/2007,12.07,4.91,45.52,0
4/23/2007,13.04,4.9,45.459999,0
4/24/2007,13.12,4.88,45.630001,0
4/25/2007,13.21,4.9,45.849998,0
4/26/2007,12.79,4.92,46.419998,0
4/27/2007,12.45,4.91,46.369999,0
4/30/2007,14.22,4.89,46.490002,0
5/1/2007,13.51,4.89,45.970001,0
5/2/2007,13.08,4.9,46.09,0
5/3/2007,13.09,4.93,46.509998,0
5/4/2007,12.91,4.91,46.77,0
5/7/2007,13.15,4.92,46.66,0
5/8/2007,13.21,4.91,46.470001,0
5/9/2007,12.88,4.9,46.490002,0
5/10/2007,13.6,4.86,46.669998,0
5/11/2007,12.95,4.85,46.240002,0
5/14/2007,13.96,4.87,46.77,0
5/15/2007,14.01,4.85,46.419998,0
5/16/2007,13.5,4.82,46.200001,0
5/17/2007,13.51,4.86,46.490002,0
5/18/2007,12.76,4.92,46.48,0
5/21/2007,13.3,4.95,46.740002,0
5/22/2007,13.06,4.96,47.040001,0
5/23/2007,13.24,4.96,47.189999,0
5/24/2007,14.08,4.94,46.860001,0
5/25/2007,13.34,4.93,46.259998,0
5/28/2007,13.34,4.93,46.259998,0
5/29/2007,13.53,4.96,46.5,0
5/30/2007,12.83,4.96,46.48,0
5/31/2007,13.05,4.95,47.32,0
6/1/2007,12.78,4.98,47.580002,0
6/4/2007,13.29,4.99,47.27,0
6/5/2007,13.63,4.99,47.450001,0
6/6/2007,14.87,4.96,47.369999,0
6/7/2007,17.059999,4.99,46.91,0
6/8/2007,14.84,4.96,46.32,0
6/11/2007,14.71,4.98,46.880001,0
6/12/2007,16.67,5.01,46.57,0
6/13/2007,14.73,4.98,46.740002,0
6/14/2007,13.64,4.98,47.099998,0
6/15/2007,13.94,4.93,47.759998,0.037
6/18/2007,13.42,4.95,47.849998,0
6/19/2007,12.85,4.92,47.630001,0
6/20/2007,14.67,4.97,47.830002,0
6/21/2007,14.21,4.96,47.290001,0
6/22/2007,15.75,4.94,47.639999,0
6/25/2007,16.65,4.96,47.299999,0
6/26/2007,18.889999,4.97,47.310001,0
6/27/2007,15.53,4.93,46.77,0
6/28/2007,15.54,4.95,47.52,0
6/29/2007,16.23,4.91,47.779999,0
7/2/2007,15.4,4.97,47.709999,0
7/3/2007,14.92,4.98,48.09,0
7/4/2007,14.92,4.98,48.09,0
7/5/2007,15.48,5.02,48.34,0
7/6/2007,14.72,5,48.709999,0
7/9/2007,15.16,5.03,48.900002,0
7/10/2007,17.57,4.97,48.619999,0
7/11/2007,16.639999,4.99,48.369999,0
7/12/2007,15.54,5.02,48.970001,0
7/13/2007,15.15,5.01,49.630001,0
7/16/2007,15.59,5.01,49.889999,0
7/17/2007,15.63,5.02,49.959999,0
7/18/2007,16,4.98,49.950001,0
7/19/2007,15.23,5,50.41,0
7/20/2007,16.950001,4.96,50.290001,0
7/23/2007,16.809999,5,50.220001,0
7/24/2007,18.549999,4.97,49.700001,0
7/25/2007,18.1,4.95,49.580002,0
7/26/2007,20.74,4.83,49.060001,0
7/27/2007,24.17,4.82,48.889999,0
7/30/2007,20.870001,4.87,48.220001,0
7/31/2007,23.52,4.85,48.970001,0
8/1/2007,23.67,4.82,47.389999,0
8/2/2007,21.219999,4.83,47.93,0
8/3/2007,25.16,4.76,48.25,0
8/6/2007,22.940001,4.76,47.470001,0
8/7/2007,21.559999,4.84,47.880001,0
8/8/2007,21.450001,4.89,48.509998,0
8/9/2007,26.48,4.74,48.189999,0
8/10/2007,28.299999,4.69,47.200001,0
8/13/2007,26.57,4.75,47.68,0
8/14/2007,27.68,4.67,47.700001,0
8/15/2007,30.67,4.41,46.68,0
8/16/2007,30.83,4.18,45.529999,0
8/17/2007,29.99,4.19,46.310001,0
8/20/2007,26.33,4.15,46.490002,0
8/21/2007,25.25,4.07,46.48,0
8/22/2007,22.889999,4.1,47.380001,0
8/23/2007,22.620001,4.19,47.790001,0
8/24/2007,20.719999,4.31,47.380001,0
8/27/2007,22.719999,4.55,48.060001,0
8/28/2007,26.299999,4.36,47.599998,0
8/29/2007,23.809999,4.24,47.049999,0
8/30/2007,25.059999,4.17,47.830002,0
8/31/2007,23.379999,4.19,48.860001,0
9/3/2007,23.379999,4.19,48.860001,0
9/4/2007,22.780001,4.39,48.93,0
9/5/2007,24.58,4.28,49.560001,0
9/6/2007,23.99,4.3,49.23,0
9/7/2007,26.23,4.1,48.529999,0
9/10/2007,27.379999,4.09,48.619999,0
9/11/2007,25.27,4.16,48.509998,0
9/12/2007,24.959999,4.12,48.84,0
9/13/2007,24.76,4.2,49.290001,0
9/14/2007,24.92,4.16,48.799999,0
9/17/2007,26.48,4.23,49,0
9/18/2007,20.35,4.08,49.09,0
9/19/2007,20.030001,4.06,50.290001,0
9/20/2007,20.450001,4.1,50.060001,0
9/21/2007,19,4.09,50.279999,0.026
9/24/2007,19.370001,4.09,50.490002,0
9/25/2007,18.6,4.04,50.419998,0
9/26/2007,17.629999,4.03,51.360001,0
9/27/2007,17,4.03,51.619999,0
9/28/2007,18,4.05,51.540001,0
10/1/2007,17.84,4.11,51.450001,0
10/2/2007,18.49,4.1,52.040001,0
10/3/2007,18.799999,4.11,51.84,0
10/4/2007,18.440001,4.1,51.75,0
10/5/2007,16.91,4.16,52.169998,0
10/8/2007,17.459999,4.16,52.799999,0
10/9/2007,16.120001,4.23,53.27,0
10/10/2007,16.67,4.23,53.389999,0
10/11/2007,18.879999,4.22,53.790001,0
10/12/2007,17.73,4.28,52.900002,0
10/15/2007,19.25,4.33,53.610001,0
10/16/2007,20.02,4.26,52.790001,0
10/17/2007,18.540001,4.11,53.619999,0
10/18/2007,18.5,4.03,53.330002,0
10/19/2007,22.959999,3.98,53.77,0
10/22/2007,21.639999,4.05,52.16,0
10/23/2007,20.41,4.01,53.610001,0
10/24/2007,20.799999,3.91,53.740002,0
10/25/2007,21.17,3.93,53.889999,0
10/26/2007,19.559999,3.96,54.080002,0
10/29/2007,19.870001,4,54.189999,0
10/30/2007,21.07,3.98,53.939999,0
10/31/2007,18.530001,4.04,54.470001,0
11/1/2007,23.209999,3.89,54.68,0
11/2/2007,23.01,3.74,54.419998,0
11/5/2007,24.309999,3.86,53.860001,0
11/6/2007,21.389999,3.83,54.330002,0
11/7/2007,26.49,3.71,54.220001,0
11/8/2007,26.16,3.61,53.139999,0
11/9/2007,28.5,3.57,50.73,0
11/12/2007,31.09,3.57,49.919998,0
11/13/2007,24.1,3.68,49.389999,0
11/14/2007,25.940001,3.65,51.389999,0
11/15/2007,28.059999,3.49,50,0
11/16/2007,25.49,3.49,50.16,0
11/19/2007,26.01,3.43,50.16,0
11/20/2007,24.879999,3.32,49.959999,0
11/21/2007,26.84,3.18,49.450001,0
11/22/2007,26.84,3.18,49.450001,0
11/23/2007,25.610001,3.28,49.630001,0
11/26/2007,28.91,3.2,49.970001,0
11/27/2007,26.280001,3.26,49.400002,0
11/28/2007,24.110001,3.31,50.630001,0
11/29/2007,23.969999,3.22,51.279999,0
11/30/2007,22.870001,3.26,52.209999,0
12/3/2007,23.610001,3.15,51.09,0
12/4/2007,23.790001,3.11,50.490002,0
12/5/2007,22.530001,3.13,51.200001,0
12/6/2007,20.959999,3.2,51.630001,0
12/7/2007,20.85,3.24,52.290001,0
12/10/2007,20.74,3.26,52.459999,0
12/11/2007,23.59,3.09,52.619999,0
12/12/2007,22.469999,3.16,52.25,0
12/13/2007,22.559999,3.22,51.330002,0
12/14/2007,23.27,3.28,51.09,0
12/17/2007,24.52,3.34,50.779999,0
12/18/2007,22.639999,3.31,50.240002,0
12/19/2007,21.68,3.26,49.889999,0
12/20/2007,20.58,3.2,50.619999,0
12/21/2007,18.469999,3.31,51.68,0.053
12/24/2007,18.6,3.46,52.009998,0
12/25/2007,18.6,3.46,52.009998,0
12/26/2007,18.66,3.49,52.130001,0
12/27/2007,20.26,3.37,52.330002,0
12/28/2007,20.74,3.34,52.040001,0
12/31/2007,22.5,3.34,51.57,0
1/1/2008,22.5,3.34,51.57,0
1/2/2008,23.17,3.17,51.27,0
1/3/2008,22.49,3.13,50.41,0
1/4/2008,23.940001,3.06,49.810001,0
1/7/2008,23.790001,3.11,48.400002,0
1/8/2008,25.43,3.09,48.27,0
1/9/2008,24.120001,3.04,47.110001,0
1/10/2008,23.450001,3.04,47.43,0
1/11/2008,23.68,2.91,47.73,0
1/14/2008,22.9,2.9,47.689999,0
1/15/2008,23.34,2.87,47.369999,0
1/16/2008,24.379999,2.86,46.189999,0
1/17/2008,28.459999,2.81,46.240002,0
1/18/2008,27.18,2.69,45.639999,0
1/21/2008,27.18,2.69,45.639999,0
1/22/2008,31.01,2.29,42.830002,0
1/23/2008,29.02,2.19,42.540001,0
1/24/2008,27.780001,2.4,44.189999,0
1/25/2008,29.08,2.34,45.869999,0
1/28/2008,27.780001,2.3,44.02,0
1/29/2008,27.32,2.33,44.560001,0
1/30/2008,27.620001,2.3,44.25,0
1/31/2008,26.200001,2.11,43.869999,0
2/1/2008,24.02,2.13,45.5,0
2/4/2008,25.99,2.17,45.580002,0
2/5/2008,28.24,2.06,44.169998,0
2/6/2008,28.969999,2.05,43.919998,0
2/7/2008,27.66,2.08,42.330002,0
2/8/2008,28.01,2.05,43.200001,0
2/11/2008,27.6,2.06,43.77,0
2/12/2008,26.33,2.06,44.34,0
2/13/2008,24.879999,2.03,44.389999,0
2/14/2008,25.540001,2.05,44.849998,0
2/15/2008,25.02,2.02,43.73,0
2/18/2008,25.02,2.02,43.73,0
2/19/2008,25.59,2.11,44.400002,0
2/20/2008,24.4,2.16,43.259998,0
2/21/2008,25.120001,2.05,44.360001,0
2/22/2008,24.059999,2.08,43.669998,0
2/25/2008,23.030001,2.13,43.630001,0
2/26/2008,21.9,2.07,43.650002,0
2/27/2008,22.690001,2.02,43.77,0
2/28/2008,23.530001,1.92,44.119999,0
2/29/2008,26.540001,1.77,43.650002,0
3/3/2008,26.280001,1.74,42.919998,0
3/4/2008,25.52,1.72,42.400002,0
3/5/2008,24.6,1.72,42.990002,0
3/6/2008,27.549999,1.59,43.09,0
3/7/2008,27.49,1.55,41.919998,0
3/10/2008,29.379999,1.46,42.009998,0
3/11/2008,26.360001,1.67,41.860001,0
3/12/2008,27.219999,1.58,43,0
3/13/2008,27.290001,1.54,42.23,0
3/14/2008,31.16,1.37,43.330002,0
3/17/2008,32.240002,1.32,41.290001,0
3/18/2008,25.790001,1.4,42.240002,0
3/19/2008,29.84,1.33,43.509998,0
3/20/2008,26.620001,1.33,42.349998,0.033
3/21/2008,26.620001,1.33,42.349998,0
3/24/2008,25.73,1.68,43.279999,0
3/25/2008,25.719999,1.64,44.700001,0
3/26/2008,26.08,1.56,44.669998,0
3/27/2008,25.879999,1.57,44.439999,0
3/28/2008,25.709999,1.56,44.02,0
3/31/2008,25.610001,1.55,43.650002,0
4/1/2008,22.68,1.62,44.419998,0
4/2/2008,23.43,1.67,45.700001,0
4/3/2008,23.209999,1.68,45.290001,0
4/4/2008,22.450001,1.63,45.77,0
4/7/2008,22.42,1.72,46.139999,0
4/8/2008,22.360001,1.68,45.41,0
4/9/2008,22.809999,1.6,45.470001,0
4/10/2008,21.98,1.61,44.93,0
4/11/2008,23.459999,1.52,45.02,0
4/14/2008,23.82,1.53,44.209999,0
4/15/2008,22.780001,1.56,44.240002,0
4/16/2008,20.530001,1.65,44.689999,0
4/17/2008,20.370001,1.77,45.419998,0
4/18/2008,20.129999,1.85,46.470001,0
4/21/2008,20.5,1.86,46.619999,0
4/22/2008,20.870001,1.84,46.75,0
4/23/2008,20.26,1.83,46.68,0
4/24/2008,20.059999,1.91,46.869999,0
4/25/2008,19.59,1.97,47.32,0
4/28/2008,19.639999,1.95,47.259998,0
4/29/2008,20.24,1.94,47.150002,0
4/30/2008,20.790001,1.85,47.700001,0
5/1/2008,18.879999,1.94,47.23,0
5/2/2008,18.18,1.97,49.16,0
5/5/2008,18.9,1.98,48.77,0
5/6/2008,18.209999,1.96,48.490002,0
5/7/2008,19.73,1.94,48.939999,0
5/8/2008,19.4,1.91,48.240002,0
5/9/2008,19.41,1.91,48.040001,0
5/12/2008,17.790001,2.01,48.279999,0
5/13/2008,17.98,2.08,49.110001,0
5/14/2008,17.66,2.11,49.41,0
5/15/2008,16.299999,2.08,49.119999,0
5/16/2008,16.469999,2.09,50.07,0
5/19/2008,17.01,2.07,50.049999,0
5/20/2008,17.58,2.05,49.470001,0
5/21/2008,18.59,2.07,49.330002,0
5/22/2008,18.049999,2.15,48.299999,0
5/23/2008,19.549999,2.11,48.18,0
5/26/2008,19.549999,2.11,48.18,0
5/27/2008,19.639999,2.15,48.299999,0
5/28/2008,19.07,2.21,49.279999,0
5/29/2008,18.139999,2.16,49.279999,0
5/30/2008,17.83,2.22,49.880001,0
6/2/2008,19.83,2.17,49.919998,0
6/3/2008,20.24,2.14,49.59,0
6/4/2008,20.799999,2.14,48.98,0
6/5/2008,18.629999,2.15,49.889999,0
6/6/2008,23.559999,2.12,50.110001,0
6/9/2008,23.120001,2.29,49.130001,0
6/10/2008,23.18,2.53,48.27,0
6/11/2008,24.120001,2.47,48.439999,0
6/12/2008,23.33,2.62,47.709999,0
6/13/2008,21.219999,2.64,47.709999,0
6/16/2008,20.950001,2.68,48.119999,0
6/17/2008,21.129999,2.58,48.950001,0
6/18/2008,22.24,2.53,48.259998,0
6/19/2008,21.58,2.58,47.93,0
6/20/2008,22.870001,2.49,48.330002,0.034
6/23/2008,22.639999,2.57,47.610001,0
6/24/2008,22.42,2.53,46.830002,0
6/25/2008,21.139999,2.48,47.009998,0
6/26/2008,23.93,2.39,46.689999,0
6/27/2008,23.440001,2.35,45.599998,0
6/30/2008,23.950001,2.36,45.509998,0
7/1/2008,23.65,2.38,44.810001,0
7/2/2008,25.92,2.35,45.950001,0
7/3/2008,24.780001,2.3,44.98,0
7/4/2008,24.780001,2.3,44.98,0
7/7/2008,25.780001,2.26,45.040001,0
7/8/2008,23.15,2.26,44.950001,0
7/9/2008,25.23,2.21,45.959999,0
7/10/2008,25.59,2.2,44.82,0
7/11/2008,27.49,2.3,44.810001,0
7/14/2008,28.48,2.23,45.139999,0
7/15/2008,28.540001,2.15,44.009998,0
7/16/2008,25.1,2.16,44.360001,0
7/17/2008,25.01,2.26,45.610001,0
7/18/2008,24.049999,2.26,45.139999,0
7/21/2008,23.049999,2.3,45,0
7/22/2008,21.18,2.33,44.029999,0
7/23/2008,21.309999,2.4,44.849998,0
7/24/2008,23.440001,2.26,45.580002,0
7/25/2008,22.91,2.35,44.98,0
7/28/2008,24.23,2.28,45.259998,0
7/29/2008,22.030001,2.36,44.610001,0
7/30/2008,21.209999,2.33,45.470001,0
7/31/2008,22.940001,2.27,45.119999,0
8/1/2008,22.57,2.25,45.509998,0
8/4/2008,23.49,2.27,44.869999,0
8/5/2008,21.139999,2.26,44.889999,0
8/6/2008,20.23,2.26,45.950001,0
8/7/2008,21.15,2.17,46.349998,0
8/8/2008,20.66,2.19,46.240002,0
8/11/2008,20.120001,2.27,47.299999,0
8/12/2008,21.17,2.18,47.740002,0
8/13/2008,21.549999,2.19,47.720001,0
8/14/2008,20.34,2.14,47.540001,0
8/15/2008,19.58,2.12,48.330002,0
8/18/2008,20.98,2.15,48.299999,0
8/19/2008,21.280001,2.11,47.360001,0
8/20/2008,20.42,2.06,47.34,0
8/21/2008,19.82,2.1,46.740002,0
8/22/2008,18.809999,2.17,47.119999,0
8/25/2008,20.969999,2.12,47.16,0
8/26/2008,20.49,2.19,46.52,0
8/27/2008,19.76,2.16,46.450001,0
8/28/2008,19.43,2.19,46.919998,0
8/29/2008,20.65,2.17,46.610001,0
9/1/2008,20.65,2.17,46.610001,0
9/2/2008,21.99,2.12,46.869999,0
9/3/2008,21.43,2.08,45.450001,0
9/4/2008,24.030001,2.04,44.860001,0
9/5/2008,23.059999,2.07,43.279999,0
9/8/2008,22.639999,2.12,44.02,0
9/9/2008,25.469999,2.06,43.349998,0
9/10/2008,24.52,2.06,42.860001,0
9/11/2008,24.389999,2.01,42.200001,0
9/12/2008,25.66,2.02,43.23,0
9/15/2008,31.700001,1.66,42.400002,0
9/16/2008,30.299999,1.72,41.48,0
9/17/2008,36.220001,1.5,41.869999,0
9/18/2008,33.099998,1.53,41.099998,0
9/19/2008,32.07,2.05,43.77,0.028
9/22/2008,33.849998,2.06,42.740002,0
9/23/2008,35.720001,2.01,41.200001,0
9/24/2008,35.189999,1.9,40.810001,0
9/25/2008,32.82,1.97,41.23,0
9/26/2008,34.740002,1.81,40.310001,0
9/29/2008,46.720001,1.6,40.259998,0
9/30/2008,39.389999,1.78,37.720001,0
10/1/2008,39.810001,1.72,38.84,0
10/2/2008,45.259998,1.45,38.25,0
10/3/2008,45.139999,1.41,37.259998,0
10/6/2008,52.049999,1.23,35.259998,0
10/7/2008,53.68,1.27,35.139999,0
10/8/2008,57.529999,1.28,31.950001,0
10/9/2008,63.919998,1.33,33.150002,0
10/10/2008,69.949997,1.08,30.52,0
10/13/2008,54.990002,1.08,32.860001,0
10/14/2008,55.130001,1.22,36.150002,0
10/15/2008,69.25,1.14,33.23,0
10/16/2008,67.610001,1.29,30.809999,0
10/17/2008,70.330002,1.34,31.67,0
10/20/2008,52.970001,1.69,32.759998,0
10/21/2008,53.110001,1.74,32.66,0
10/22/2008,69.650002,1.64,31.370001,0
10/23/2008,67.800003,1.61,30.49,0
10/24/2008,79.129997,1.6,28.23,0
10/27/2008,80.059998,1.57,29.17,0
10/28/2008,66.959999,1.53,29.68,0
10/29/2008,69.959999,1.41,31.91,0
10/30/2008,62.900002,1.36,32.669998,0
10/31/2008,59.889999,1.34,32.369999,0
11/3/2008,53.68,1.31,32.810001,0
11/4/2008,47.73,1.28,33.459999,0
11/5/2008,54.560001,1.22,33.529999,0
11/6/2008,63.68,1.17,31.49,0
11/7/2008,56.099998,1.2,30.92,0
11/10/2008,59.98,1.16,31.969999,0
11/11/2008,61.439999,1.16,30.48,0
11/12/2008,66.459999,1.03,29.65,0
11/13/2008,59.830002,1.16,28.610001,0
11/14/2008,66.309998,1.14,29.780001,0
11/17/2008,69.150002,1.08,28.49,0
11/18/2008,67.639999,1.05,28.559999,0
11/19/2008,74.260002,0.97,28.4,0
11/20/2008,80.860001,0.87,26.530001,0
11/21/2008,72.669998,0.83,26.01,0
11/24/2008,64.699997,0.95,27.219999,0
11/25/2008,60.900002,0.95,28.610001,0
11/26/2008,54.919998,0.93,27.879999,0
11/27/2008,54.919998,0.93,27.879999,0
11/28/2008,55.279999,0.9,29.02,0
12/1/2008,68.510002,0.81,28.5,0
12/2/2008,62.98,0.77,27.299999,0
12/3/2008,60.720001,0.7,27.129999,0
12/4/2008,63.639999,0.61,28.17,0
12/5/2008,59.93,0.54,27.5,0
12/8/2008,58.490002,0.53,29.59,0
12/9/2008,58.91,0.49,29.68,0
12/10/2008,55.73,0.49,30.1,0
12/11/2008,55.779999,0.51,29.809999,0
12/12/2008,54.279999,0.5,28.690001,0
12/15/2008,56.759998,0.5,29.73,0
12/16/2008,52.369999,0.45,29.42,0
12/17/2008,49.84,0.45,30.25,0
12/18/2008,47.34,0.43,30.190001,0
12/19/2008,44.93,0.44,29.93,0.043
12/22/2008,44.560001,0.4,29.860001,0
12/23/2008,45.02,0.41,29.33,0
12/24/2008,44.209999,0.4,29.200001,0
12/25/2008,44.209999,0.4,29.200001,0
12/26/2008,43.380001,0.38,29.200001,0
12/29/2008,43.900002,0.36,29.209999,0
12/30/2008,41.630001,0.34,28.969999,0
12/31/2008,40,0.37,29.459999,0
1/1/2009,40,0.37,29.459999,0
1/2/2009,39.189999,0.4,29.75,0
1/5/2009,39.080002,0.43,30.83,0
1/6/2009,38.560001,0.45,31.25,0
1/7/2009,43.389999,0.44,30.73,0
1/8/2009,42.560001,0.44,30.379999,0
1/9/2009,42.82,0.43,30.77,0
1/12/2009,45.84,0.43,30.110001,0
1/13/2009,43.27,0.43,29.51,0
1/14/2009,49.139999,0.42,29.190001,0
1/15/2009,51,0.42,28.57,0
1/16/2009,46.110001,0.43,29.5,0
1/19/2009,46.110001,0.43,29.5,0
1/20/2009,56.650002,0.42,29.299999,0
1/21/2009,46.419998,0.43,28.43,0
1/22/2009,47.290001,0.42,28.52,0
1/23/2009,47.27,0.46,28.290001,0
1/26/2009,45.689999,0.47,28.940001,0
1/27/2009,42.25,0.47,29.120001,0
1/28/2009,39.66,0.48,29.809999,0
1/29/2009,42.630001,0.51,29.98,0
1/30/2009,44.84,0.51,29.799999,0
2/2/2009,45.52,0.51,28.780001,0
2/3/2009,43.060001,0.53,29.469999,0
2/4/2009,43.849998,0.53,29.940001,0
2/5/2009,43.73,0.54,29.48,0
2/6/2009,43.369999,0.57,30.68,0
2/9/2009,43.639999,0.6,31.389999,0
2/10/2009,46.669998,0.6,31.299999,0
2/11/2009,44.529999,0.6,30.379999,0
2/12/2009,41.25,0.58,29.85,0
2/13/2009,42.93,0.61,30.48,0
2/16/2009,42.93,0.61,30.48,0
2/17/2009,48.66,0.61,29.49,0
2/18/2009,48.459999,0.64,29.41,0
2/19/2009,47.080002,0.67,29.42,0
2/20/2009,49.299999,0.64,28.469999,0
2/23/2009,52.619999,0.69,29.030001,0
2/24/2009,45.490002,0.71,28.01,0
2/25/2009,44.669998,0.75,28.610001,0
2/26/2009,44.66,0.73,28.780001,0
2/27/2009,46.349998,0.72,27.5,0
3/2/2009,52.650002,0.67,27.120001,0
3/3/2009,50.93,0.68,26.860001,0
3/4/2009,47.560001,0.71,27.01,0
3/5/2009,50.169998,0.66,27.030001,0
3/6/2009,49.330002,0.67,26.65,0
3/9/2009,49.68,0.69,26.09,0
3/10/2009,44.369999,0.71,26.25,0
3/11/2009,43.610001,0.71,27.610001,0
3/12/2009,41.18,0.7,27.73,0
3/13/2009,42.360001,0.67,28.66,0
3/16/2009,43.740002,0.69,28.93,0
3/17/2009,40.799999,0.69,28.4,0
3/18/2009,40.060001,0.6,29.209999,0
3/19/2009,43.68,0.6,30.110001,0
3/20/2009,45.889999,0.6,29.690001,0.049
3/23/2009,43.23,0.6,29.9,0
3/24/2009,42.93,0.62,30.639999,0
3/25/2009,42.25,0.6,30.59,0
3/26/2009,40.360001,0.57,30.799999,0
3/27/2009,41.040001,0.58,31,0
3/30/2009,45.540001,0.58,30.299999,0
3/31/2009,44.139999,0.57,30.290001,0
4/1/2009,42.279999,0.58,29.940001,0
4/2/2009,42.040001,0.59,31.32,0
4/3/2009,39.700001,0.6,32.09,0
4/6/2009,40.93,0.6,31.99,0
4/7/2009,40.389999,0.6,31.92,0
4/8/2009,38.849998,0.59,31.73,0
4/9/2009,36.529999,0.6,32.549999,0
4/10/2009,36.529999,0.6,32.549999,0
4/13/2009,37.810001,0.57,32.84,0
4/14/2009,37.669998,0.54,32.689999,0
4/15/2009,36.169998,0.54,32.259998,0
4/16/2009,35.790001,0.54,32.849998,0
4/17/2009,33.939999,0.57,33.169998,0
4/20/2009,39.18,0.54,32.709999,0
4/21/2009,37.139999,0.53,32.119999,0
4/22/2009,38.099998,0.52,32.5,0
4/23/2009,37.150002,0.49,33,0
4/24/2009,36.82,0.5,33.34,0
4/27/2009,38.32,0.49,33.419998,0
4/28/2009,37.950001,0.52,33.52,0
4/29/2009,36.080002,0.5,33.75,0
4/30/2009,36.5,0.49,34.389999,0
5/1/2009,35.299999,0.49,34.27,0
5/4/2009,34.529999,0.52,34.68,0
5/5/2009,33.360001,0.53,34.990002,0
5/6/2009,32.450001,0.51,35.290001,0
5/7/2009,33.439999,0.54,35.27,0
5/8/2009,32.049999,0.55,34.470001,0
5/11/2009,32.869999,0.53,33.790001,0
5/12/2009,31.799999,0.54,34.419998,0
5/13/2009,33.650002,0.52,33.630001,0
5/14/2009,31.370001,0.5,33.099998,0
5/15/2009,33.119999,0.5,33.34,0
5/18/2009,30.24,0.5,33.599998,0
5/19/2009,28.799999,0.48,34.16,0
5/20/2009,29.030001,0.44,34.529999,0
5/21/2009,31.35,0.45,34.02,0
5/22/2009,32.630001,0.49,33.779999,0
5/25/2009,32.630001,0.49,33.779999,0
5/26/2009,30.620001,0.5,33.25,0
5/27/2009,32.360001,0.49,34.689999,0
5/28/2009,31.67,0.48,34.759998,0
5/29/2009,28.92,0.47,34.970001,0
6/1/2009,30.040001,0.48,35.759998,0
6/2/2009,29.629999,0.46,36.189999,0
6/3/2009,31.02,0.45,36.330002,0
6/4/2009,30.18,0.47,36.41,0
6/5/2009,29.620001,0.62,36.959999,0
6/8/2009,29.77,0.62,36.549999,0
6/9/2009,28.27,0.56,36.84,0
6/10/2009,28.459999,0.55,37.16,0
6/11/2009,28.110001,0.53,36.77,0
6/12/2009,28.15,0.52,36.669998,0
6/15/2009,30.809999,0.51,36.299999,0
6/16/2009,32.68,0.51,36.040001,0
6/17/2009,31.540001,0.5,35.700001,0
6/18/2009,30.030001,0.52,35.830002,0
6/19/2009,27.99,0.51,36.049999,0.044
6/22/2009,31.17,0.5,35.830002,0
6/23/2009,30.58,0.5,35.18,0
6/24/2009,29.049999,0.5,35.299999,0
6/25/2009,26.360001,0.47,35.360001,0
6/26/2009,25.93,0.45,36.119999,0
6/29/2009,25.35,0.51,36.470001,0
6/30/2009,26.35,0.56,36.549999,0
7/1/2009,26.219999,0.54,36.560001,0
7/2/2009,27.950001,0.49,36.09,0
7/3/2009,27.950001,0.49,36.09,0
7/6/2009,29,0.48,35.380001,0
7/7/2009,30.85,0.46,35.419998,0
7/8/2009,31.299999,0.45,34.740002,0
7/9/2009,29.780001,0.47,34.84,0
7/10/2009,29.02,0.45,34.669998,0
7/13/2009,26.309999,0.47,34.950001,0
7/14/2009,25.02,0.47,35.549999,0
7/15/2009,25.889999,0.5,36.32,0
7/16/2009,25.42,0.47,36.75,0
7/17/2009,24.34,0.48,37.349998,0
7/20/2009,24.4,0.47,37.759998,0
7/21/2009,23.870001,0.46,38.07,0
7/22/2009,23.469999,0.47,38.209999,0
7/23/2009,23.43,0.49,38.459999,0
7/24/2009,23.09,0.47,38.93,0
7/27/2009,24.280001,0.49,39.330002,0
7/28/2009,25.01,0.49,39.18,0
7/29/2009,25.610001,0.5,39.32,0
7/30/2009,25.4,0.48,39.75,0
7/31/2009,25.92,0.48,39.57,0
8/3/2009,25.559999,0.48,39.869999,0
8/4/2009,24.889999,0.47,39.849998,0
8/5/2009,24.9,0.49,40.130001,0
8/6/2009,25.67,0.48,39.82,0
8/7/2009,24.76,0.52,39.919998,0
8/10/2009,24.99,0.49,39.740002,0
8/11/2009,25.99,0.48,39.470001,0
8/12/2009,25.450001,0.47,39.23,0
8/13/2009,24.709999,0.45,40.110001,0
8/14/2009,24.27,0.44,39.869999,0
8/17/2009,27.889999,0.45,38.959999,0
8/18/2009,26.18,0.43,38.720001,0
8/19/2009,26.26,0.43,38.57,0
8/20/2009,25.09,0.42,39.279999,0
8/21/2009,25.01,0.45,39.990002,0
8/24/2009,25.139999,0.44,40.360001,0
8/25/2009,24.92,0.47,40.34,0
8/26/2009,24.950001,0.45,40.279999,0
8/27/2009,24.68,0.46,40.290001,0
8/28/2009,24.76,0.44,40.900002,0
8/31/2009,26.01,0.43,40.139999,0
9/1/2009,29.15,0.43,39.889999,0
9/2/2009,28.9,0.41,39.07,0
9/3/2009,27.1,0.42,39.439999,0
9/4/2009,25.26,0.42,39.580002,0
9/7/2009,25.26,0.42,39.580002,0
9/8/2009,25.620001,0.41,40.68,0
9/9/2009,24.32,0.4,40.77,0
9/10/2009,23.549999,0.4,41.110001,0
9/11/2009,24.15,0.39,41.509998,0
9/14/2009,23.860001,0.4,41.25,0
9/15/2009,23.42,0.39,41.650002,0
9/16/2009,23.690001,0.38,42,0
9/17/2009,23.65,0.4,42.310001,0
9/18/2009,23.92,0.41,42.540001,0.041
9/21/2009,24.059999,0.4,42.200001,0
9/22/2009,23.08,0.42,42.810001,0
9/23/2009,23.49,0.41,42.830002,0
9/24/2009,24.950001,0.39,42.619999,0
9/25/2009,25.610001,0.41,41.759998,0
9/28/2009,24.879999,0.4,41.93,0
9/29/2009,25.190001,0.41,42.41,0
9/30/2009,25.610001,0.4,42.389999,0
10/1/2009,28.27,0.37,42.099998,0
10/2/2009,28.68,0.37,40.720001,0
10/5/2009,26.84,0.36,41.09,0
10/6/2009,25.700001,0.37,41.439999,0
10/7/2009,24.68,0.34,41.889999,0
10/8/2009,24.18,0.35,42.310001,0
10/9/2009,23.120001,0.38,42.150002,0
10/12/2009,23.01,0.38,42.650002,0
10/13/2009,22.99,0.35,42.529999,0
10/14/2009,22.860001,0.35,43.110001,0
10/15/2009,21.719999,0.36,42.93,0
10/16/2009,21.43,0.36,42.900002,0
10/19/2009,21.49,0.38,42.810001,0
10/20/2009,20.9,0.39,43.459999,0
10/21/2009,22.219999,0.4,43.209999,0
10/22/2009,20.690001,0.38,43.060001,0
10/23/2009,22.27,0.4,43.73,0
10/26/2009,24.309999,0.41,43.200001,0
10/27/2009,24.83,0.39,42.93,0
10/28/2009,27.91,0.39,42.189999,0
10/29/2009,24.76,0.4,41.630001,0
10/30/2009,30.690001,0.37,42.060001,0
11/2/2009,29.780001,0.38,41,0
11/3/2009,28.809999,0.38,40.91,0
11/4/2009,27.719999,0.36,41.529999,0
11/5/2009,25.43,0.36,41.810001,0
11/6/2009,24.190001,0.34,42.119999,0
11/9/2009,23.15,0.34,42.93,0
11/10/2009,22.84,0.33,43.459999,0
11/11/2009,23.040001,0.33,43.950001,0
11/12/2009,24.24,0.32,43.93,0
11/13/2009,23.360001,0.32,43.779999,0
11/16/2009,22.889999,0.31,44.200001,0
11/17/2009,22.41,0.32,44.34,0
11/18/2009,21.629999,0.29,44.459999,0
11/19/2009,22.629999,0.27,44.049999,0
11/20/2009,22.190001,0.27,43.43,0
11/23/2009,21.16,0.29,43.889999,0
11/24/2009,20.469999,0.28,44.119999,0
11/25/2009,20.48,0.26,44.139999,0
11/26/2009,20.48,0.26,44.139999,0
11/27/2009,24.74,0.26,42.970001,0
11/30/2009,24.51,0.27,43.41,0
12/1/2009,21.92,0.26,43.889999,0
12/2/2009,21.120001,0.28,44.16,0
12/3/2009,22.459999,0.3,44.23,0
12/4/2009,21.25,0.36,44.450001,0
12/7/2009,22.1,0.32,44.09,0
12/8/2009,23.690001,0.29,43.66,0
12/9/2009,22.66,0.31,43.599998,0
12/10/2009,22.32,0.32,44.27,0
12/11/2009,21.59,0.35,44.540001,0
12/14/2009,21.15,0.37,44.43,0
12/15/2009,21.49,0.41,44.41,0
12/16/2009,20.540001,0.38,44.470001,0
12/17/2009,22.51,0.35,44.16,0
12/18/2009,21.68,0.36,44.16,0.073
12/21/2009,20.49,0.4,44.689999,0
12/22/2009,19.540001,0.41,45.110001,0
12/23/2009,19.709999,0.41,45.32,0
12/24/2009,19.469999,0.43,45.610001,0
12/25/2009,19.469999,0.43,45.610001,0
12/28/2009,19.93,0.47,46.09,0
12/29/2009,20.01,0.47,46.23,0
12/30/2009,19.959999,0.45,45.98,0
12/31/2009,21.68,0.47,46.259998,0
1/1/2010,21.68,0.47,46.259998,0
1/4/2010,20.040001,0.45,46.330002,0
1/5/2010,19.35,0.41,46.389999,0
1/6/2010,19.16,0.4,46.400002,0
1/7/2010,19.059999,0.4,46.209999,0
1/8/2010,18.129999,0.37,46.07,0
1/11/2010,17.549999,0.35,46.610001,0
1/12/2010,18.25,0.34,46.080002,0
1/13/2010,17.85,0.37,45.919998,0
1/14/2010,17.629999,0.34,46.259998,0
1/15/2010,17.91,0.33,46.470001,0
1/18/2010,17.91,0.33,46.470001,0
1/19/2010,17.58,0.33,45.959999,0
1/20/2010,18.68,0.31,46.259998,0
1/21/2010,22.27,0.31,46.049999,0
1/22/2010,27.309999,0.3,45.34,0
1/25/2010,25.41,0.3,44.43,0
1/26/2010,24.549999,0.32,44.259998,0
1/27/2010,23.139999,0.33,44.27,0
1/28/2010,23.73,0.31,44.400002,0
1/29/2010,24.620001,0.3,43.91,0
2/1/2010,22.59,0.33,42.900002,0
2/2/2010,21.48,0.33,43.330002,0
2/3/2010,21.6,0.35,43.439999,0
2/4/2010,26.08,0.32,43.57,0
2/5/2010,26.110001,0.31,42.73,0
2/8/2010,26.51,0.32,42.91,0
2/9/2010,26,0.34,43.18,0
2/10/2010,25.4,0.38,43.110001,0
2/11/2010,23.959999,0.38,43.029999,0
2/12/2010,22.73,0.35,43.279999,0
2/15/2010,22.73,0.35,43.279999,0
2/16/2010,22.25,0.34,44.080002,0
2/17/2010,21.719999,0.35,44.52,0
2/18/2010,20.629999,0.37,44.540001,0
2/19/2010,20.02,0.39,44.73,0
2/22/2010,19.940001,0.37,45.009998,0
2/23/2010,21.370001,0.36,44.709999,0
2/24/2010,20.27,0.34,44.389999,0
2/25/2010,20.1,0.32,44.139999,0
2/26/2010,19.5,0.32,44.59,0
3/1/2010,19.26,0.32,44.959999,0
3/2/2010,19.059999,0.32,45.57,0
3/3/2010,18.83,0.33,45.66,0
3/4/2010,18.719999,0.35,45.630001,0
3/5/2010,17.42,0.38,46.09,0
3/8/2010,17.790001,0.39,46.459999,0
3/9/2010,17.92,0.37,46.43,0
3/10/2010,18.57,0.39,46.82,0
3/11/2010,18.059999,0.4,47.060001,0
3/12/2010,17.58,0.41,47.5,0
3/15/2010,18,0.4,47.259998,0
3/16/2010,17.690001,0.41,47.389999,0
3/17/2010,16.91,0.41,47.610001,0
3/18/2010,16.620001,0.41,47.709999,0
3/19/2010,16.969999,0.42,47.919998,0.051
3/22/2010,16.870001,0.41,47.299999,0
3/23/2010,16.35,0.4,47.990002,0
3/24/2010,17.549999,0.44,48.169998,0
3/25/2010,18.4,0.44,48.419998,0
3/26/2010,17.77,0.43,48.150002,0
3/29/2010,17.59,0.42,48.240002,0
3/30/2010,17.129999,0.44,48.380001,0
3/31/2010,17.59,0.41,48.240002,0
4/1/2010,17.469999,0.42,48.360001,0
4/2/2010,17.469999,0.46,48.360001,0
4/5/2010,17.02,0.48,48.27,0
4/6/2010,16.23,0.49,48.5,0
4/7/2010,16.620001,0.47,48.68,0
4/8/2010,16.48,0.46,48.490002,0
4/9/2010,16.139999,0.46,48.75,0
4/12/2010,15.58,0.46,49.049999,0
4/13/2010,16.200001,0.45,49.02,0
4/14/2010,15.59,0.45,49.580002,0
4/15/2010,15.89,0.43,49.869999,0
4/16/2010,18.360001,0.41,49.950001,0
4/19/2010,17.34,0.43,49.349998,0
4/20/2010,15.73,0.42,49.77,0
4/21/2010,16.32,0.44,50.09,0
4/22/2010,16.469999,0.45,49.549999,0
4/23/2010,16.620001,0.46,50.299999,0
4/26/2010,17.469999,0.47,50.57,0
4/27/2010,22.809999,0.42,50.209999,0
4/28/2010,21.08,0.43,49.599998,0
4/29/2010,18.440001,0.42,49.650002,0
4/30/2010,22.049999,0.41,50.209999,0
5/3/2010,20.190001,0.43,49.450001,0
5/4/2010,23.84,0.43,49.32,0
5/5/2010,24.91,0.39,47.919998,0
5/6/2010,32.799999,0.34,47.849998,0
5/7/2010,40.950001,0.38,46.220001,0
5/10/2010,28.84,0.39,47.43,0
5/11/2010,28.32,0.38,47.290001,0
5/12/2010,25.52,0.4,47.98,0
5/13/2010,26.68,0.4,48.41,0
5/14/2010,31.24,0.34,47.490002,0
5/17/2010,30.84,0.36,47.02,0
5/18/2010,33.549999,0.35,47.48,0
5/19/2010,35.32,0.35,46.259998,0
5/20/2010,45.790001,0.34,45.16,0
5/21/2010,40.099998,0.35,43.66,0
5/24/2010,38.32,0.35,44.82,0
5/25/2010,34.610001,0.36,43.68,0
5/26/2010,35.02,0.37,45.009998,0
5/27/2010,29.68,0.37,45.200001,0
5/28/2010,32.07,0.34,45.950001,0
5/31/2010,32.07,0.34,45.950001,0
6/1/2010,35.540001,0.35,45.43,0
6/2/2010,30.17,0.38,45.439999,0
6/3/2010,29.459999,0.38,46.380001,0
6/4/2010,35.48,0.34,45.700001,0
6/7/2010,36.57,0.35,45.32,0
6/8/2010,33.700001,0.34,44.349998,0
6/9/2010,33.73,0.33,44.5,0
6/10/2010,30.57,0.34,44.360001,0
6/11/2010,28.790001,0.3,44.610001,0
6/14/2010,28.58,0.31,45.919998,0
6/15/2010,25.870001,0.31,45.73,0
6/16/2010,25.92,0.3,46.580002,0
6/17/2010,25.049999,0.28,47.16,0
6/18/2010,23.950001,0.3,47.049999,0.089
6/21/2010,24.879999,0.29,47.599998,0
6/22/2010,27.049999,0.29,46.799999,0
6/23/2010,26.91,0.3,46.290001,0
6/24/2010,29.74,0.29,45.849998,0
6/25/2010,28.530001,0.29,45.509998,0.089
6/28/2010,29,0.3,45.27,0
6/29/2010,34.130001,0.31,44.419998,0
6/30/2010,34.540001,0.32,43.23,0
7/1/2010,32.860001,0.32,42.84,0
7/2/2010,30.120001,0.31,42.66,0
7/5/2010,30.120001,0.31,42.66,0
7/6/2010,29.65,0.32,43.099998,0
7/7/2010,26.84,0.31,42.740002,0
7/8/2010,25.709999,0.3,44.310001,0
7/9/2010,24.98,0.3,44.18,0
7/12/2010,24.43,0.3,44.580002,0
7/13/2010,24.559999,0.3,45.139999,0
7/14/2010,24.889999,0.27,45.419998,0
7/15/2010,25.139999,0.27,45.470001,0
7/16/2010,26.25,0.28,45.439999,0
7/19/2010,25.969999,0.28,44.470001,0
7/20/2010,23.93,0.27,44,0
7/21/2010,25.639999,0.27,45.740002,0
7/22/2010,24.629999,0.27,45.27,0
7/23/2010,23.469999,0.27,45.459999,0
7/26/2010,22.73,0.29,46.119999,0
7/27/2010,23.190001,0.3,46.639999,0
7/28/2010,24.25,0.3,46.369999,0
7/29/2010,24.129999,0.3,46.32,0
7/30/2010,23.5,0.29,45.330002,0
8/2/2010,22.01,0.28,46.389999,0
8/3/2010,22.629999,0.27,46.639999,0
8/4/2010,22.209999,0.28,46.68,0
8/5/2010,22.1,0.27,46.709999,0
8/6/2010,21.74,0.25,46.32,0
8/9/2010,22.139999,0.26,47,0
8/10/2010,22.370001,0.25,46.700001,0
8/11/2010,25.389999,0.25,45.900002,0
8/12/2010,25.73,0.25,44.529999,0
8/13/2010,26.24,0.26,44.869999,0
8/16/2010,26.1,0.25,44.5,0
8/17/2010,24.33,0.26,45.119999,0
8/18/2010,24.59,0.25,45.279999,0
8/19/2010,26.440001,0.25,45.279999,0
8/20/2010,25.49,0.26,44.790001,0
8/23/2010,25.66,0.25,45.200001,0
8/24/2010,27.459999,0.27,43.970001,0
8/25/2010,26.700001,0.26,43.34,0
8/26/2010,27.370001,0.25,44.220001,0
8/27/2010,24.450001,0.27,43.860001,0
8/30/2010,27.209999,0.26,43.860001,0
8/31/2010,26.049999,0.25,43.380001,0
9/1/2010,23.889999,0.25,44.099998,0
9/2/2010,23.190001,0.25,44.84,0
9/3/2010,21.309999,0.25,45.759998,0
9/6/2010,21.309999,0.25,45.759998,0
9/7/2010,23.799999,0.25,45.82,0
9/8/2010,23.25,0.24,45.830002,0
9/9/2010,22.809999,0.26,46.66,0
9/10/2010,21.99,0.27,46.48,0
9/13/2010,21.209999,0.26,46.959999,0
9/14/2010,21.559999,0.26,47.189999,0
9/15/2010,22.1,0.26,47.330002,0
9/16/2010,21.719999,0.25,47.66,0
9/17/2010,22.01,0.26,48.139999,0.112
9/20/2010,21.5,0.26,48.169998,0
9/21/2010,22.35,0.26,48.860001,0
9/22/2010,22.51,0.25,48.619999,0
9/23/2010,23.870001,0.25,48.369999,0
9/24/2010,21.709999,0.25,49.220001,0
9/27/2010,22.540001,0.26,49.630001,0
9/28/2010,22.6,0.26,49.509998,0
9/29/2010,23.25,0.27,49.299999,0
9/30/2010,23.700001,0.27,49.540001,0
10/1/2010,22.5,0.26,49.48,0
10/4/2010,23.530001,0.26,48.869999,0
10/5/2010,21.76,0.25,49.029999,0
10/6/2010,21.49,0.24,49.599998,0
10/7/2010,21.559999,0.23,49.509998,0
10/8/2010,20.709999,0.21,49.43,0
10/11/2010,18.959999,0.21,49.779999,0
10/12/2010,18.93,0.21,49.689999,0
10/13/2010,19.07,0.22,50.43,0
10/14/2010,19.879999,0.22,50.549999,0
10/15/2010,19.030001,0.22,51.040001,0
10/18/2010,19.09,0.23,51.5,0
10/19/2010,20.629999,0.22,50.82,0
10/20/2010,19.790001,0.22,50.959999,0
10/21/2010,19.27,0.22,51.509998,0
10/22/2010,18.780001,0.21,51.299999,0
10/25/2010,19.85,0.23,51.849998,0
10/26/2010,20.219999,0.23,51.630001,0
10/27/2010,20.709999,0.23,51.759998,0
10/28/2010,20.879999,0.23,52.41,0
10/29/2010,21.200001,0.22,52.299999,0
11/1/2010,21.83,0.22,52.369999,0
11/2/2010,21.57,0.22,52.650002,0
11/3/2010,19.559999,0.22,52.830002,0
11/4/2010,18.52,0.21,53.599998,0
11/5/2010,18.26,0.22,53.700001,0
11/8/2010,18.290001,0.22,53.580002,0
11/9/2010,19.08,0.24,53.950001,0
11/10/2010,18.469999,0.24,53.52,0
11/11/2010,18.639999,0.24,52.91,0
11/12/2010,20.610001,0.27,53.099998,0
11/15/2010,20.200001,0.29,52.779999,0
11/16/2010,22.58,0.27,51.939999,0
11/17/2010,21.76,0.26,51.48,0
11/18/2010,18.75,0.26,52.16,0
11/19/2010,18.040001,0.27,52.360001,0
11/22/2010,18.370001,0.26,52.259998,0
11/23/2010,20.629999,0.26,52.369999,0
11/24/2010,19.559999,0.28,52.580002,0
11/25/2010,19.559999,0.28,52.580002,0
11/26/2010,22.219999,0.28,52.779999,0
11/29/2010,21.530001,0.28,52.700001,0
11/30/2010,23.540001,0.27,52.18,0
12/1/2010,21.360001,0.28,52.860001,0
12/2/2010,19.389999,0.29,53.27,0
12/3/2010,18.01,0.26,53.5,0
12/6/2010,18.02,0.26,53.880001,0
12/7/2010,17.99,0.28,54.5,0
12/8/2010,17.74,0.3,54.02,0
12/9/2010,17.25,0.3,54.41,0
12/10/2010,17.610001,0.29,54.290001,0
12/13/2010,17.549999,0.29,54.700001,0
12/14/2010,17.610001,0.3,54.439999,0
12/15/2010,17.940001,0.3,54.369999,0
12/16/2010,17.389999,0.31,54.209999,0
12/17/2010,16.110001,0.3,54.540001,0.108
12/20/2010,16.41,0.3,54.619999,0
12/21/2010,16.49,0.3,54.77,0
12/22/2010,15.45,0.3,54.869999,0
12/23/2010,16.469999,0.3,54.779999,0
12/24/2010,16.469999,0.3,54.779999,0
12/27/2010,17.67,0.32,54.580002,0
12/28/2010,17.52,0.31,54.880001,0
12/29/2010,17.280001,0.3,54.82,0
12/30/2010,17.52,0.29,54.790001,0
12/31/2010,17.75,0.29,54.59,0
1/3/2011,17.610001,0.29,54.970001,0
1/4/2011,17.379999,0.28,55.509998,0
1/5/2011,17.02,0.31,55.099998,0
1/6/2011,17.4,0.3,55.799999,0
1/7/2011,17.139999,0.29,56.02,0
1/10/2011,17.540001,0.29,55.75,0
1/11/2011,16.889999,0.28,56.310001,0
1/12/2011,16.24,0.26,56.43,0
1/13/2011,16.389999,0.26,56.599998,0
1/14/2011,15.46,0.27,56.599998,0
1/17/2011,15.46,0.27,56.599998,0
1/18/2011,15.87,0.26,56.57,0
1/19/2011,17.309999,0.27,57.259998,0
1/20/2011,17.99,0.27,56.27,0
1/21/2011,18.469999,0.27,56.389999,0
1/24/2011,17.65,0.28,55.790001,0
1/25/2011,17.59,0.27,56.169998,0
1/26/2011,16.639999,0.27,56.610001,0
1/27/2011,16.15,0.25,57.009998,0
1/28/2011,20.040001,0.24,57.169998,0
1/31/2011,19.530001,0.26,55.810001,0
2/1/2011,17.629999,0.27,56.419998,0
2/2/2011,17.299999,0.28,56.93,0
2/3/2011,16.690001,0.29,56.849998,0
2/4/2011,15.93,0.31,57.049999,0
2/7/2011,16.280001,0.31,57.490002,0
2/8/2011,15.81,0.31,57.669998,0
2/9/2011,15.87,0.3,57.939999,0
2/10/2011,16.09,0.3,57.549999,0
2/11/2011,15.69,0.3,57.849998,0
2/14/2011,15.95,0.3,58.439999,0
2/15/2011,16.370001,0.3,58.439999,0
2/16/2011,16.719999,0.29,58.650002,0
2/17/2011,16.59,0.27,58.59,0
2/18/2011,16.43,0.28,58.860001,0
2/21/2011,16.43,0.28,58.860001,0
2/22/2011,20.799999,0.28,57.93,0
2/23/2011,22.129999,0.27,57.029999,0
2/24/2011,21.32,0.26,56.68,0
2/25/2011,19.219999,0.27,57.18,0
2/28/2011,18.35,0.25,57.880001,0
3/1/2011,21.01,0.25,58.02,0
3/2/2011,20.700001,0.26,56.810001,0
3/3/2011,18.6,0.29,57.669998,0
3/4/2011,19.059999,0.26,58.25,0
3/7/2011,20.66,0.25,58.209999,0
3/8/2011,19.82,0.26,57.119999,0
3/9/2011,20.219999,0.26,57.209999,0
3/10/2011,21.879999,0.25,56.389999,0
3/11/2011,20.08,0.24,55.82,0
3/14/2011,21.129999,0.22,56.18,0
3/15/2011,24.32,0.23,54.639999,0
3/16/2011,29.4,0.21,55.029999,0
3/17/2011,26.370001,0.24,55.009998,0
3/18/2011,24.440001,0.23,55.220001,0.077
3/21/2011,20.610001,0.25,55.279999,0
3/22/2011,20.209999,0.25,55.580002,0
3/23/2011,19.17,0.24,55.200001,0
3/24/2011,18,0.26,56.130001,0
3/25/2011,17.91,0.3,56.880001,0
3/28/2011,19.440001,0.3,57.09,0
3/29/2011,18.16,0.31,56.400002,0
3/30/2011,17.709999,0.3,57.360001,0
3/31/2011,17.74,0.3,57.25,0
4/1/2011,17.4,0.27,57.720001,0
4/4/2011,17.5,0.24,57.619999,0
4/5/2011,17.25,0.3,57.16,0
4/6/2011,16.9,0.29,57.560001,0
4/7/2011,17.110001,0.27,57.240002,0
4/8/2011,17.870001,0.27,57.48,0
4/11/2011,16.59,0.26,57.169998,0
4/12/2011,17.09,0.24,56.5,0
4/13/2011,16.92,0.23,56.790001,0
4/14/2011,16.27,0.25,56.459999,0
4/15/2011,15.32,0.24,56.529999,0
4/18/2011,16.959999,0.24,56.080002,0
4/19/2011,15.83,0.24,56.400002,0
4/20/2011,15.07,0.24,57.599998,0
4/21/2011,14.69,0.23,58.439999,0
4/22/2011,14.69,0.23,58.439999,0
4/25/2011,15.77,0.23,58.389999,0
4/26/2011,15.62,0.22,58.639999,0
4/27/2011,15.35,0.22,58.93,0
4/28/2011,14.62,0.23,59.040001,0
4/29/2011,14.75,0.22,59.02,0
5/2/2011,15.99,0.22,59.169998,0
5/3/2011,16.700001,0.2,58.939999,0
5/4/2011,17.08,0.19,58.720001,0
5/5/2011,18.200001,0.2,58.310001,0
5/6/2011,18.4,0.18,58.860001,0
5/9/2011,17.16,0.17,58.57,0
5/10/2011,15.91,0.19,58.860001,0
5/11/2011,16.950001,0.18,59.099998,0
5/12/2011,16.030001,0.18,58.580002,0
5/13/2011,17.07,0.19,58.970001,0
5/16/2011,18.24,0.18,58.139999,0
5/17/2011,17.549999,0.19,57.099998,0
5/18/2011,16.23,0.19,57.48,0
5/19/2011,15.52,0.19,58.220001,0
5/20/2011,17.43,0.18,58.150002,0
5/23/2011,18.27,0.2,56.98,0
5/24/2011,17.82,0.2,57.060001,0
5/25/2011,17.07,0.18,56.5,0
5/26/2011,16.09,0.18,56.619999,0
5/27/2011,15.98,0.18,57.240002,0
5/30/2011,15.98,0.18,57.240002,0
5/31/2011,15.45,0.18,57.970001,0
6/1/2011,18.299999,0.18,58.220001,0
6/2/2011,18.09,0.19,57.200001,0
6/3/2011,17.950001,0.18,56.549999,0
6/6/2011,18.49,0.18,56.220001,0
6/7/2011,18.07,0.18,56.040001,0
6/8/2011,18.790001,0.18,55.669998,0
6/9/2011,17.77,0.19,55.41,0
6/10/2011,18.860001,0.19,55.23,0
6/13/2011,19.610001,0.18,54.669998,0
6/14/2011,18.26,0.19,55.060001,0
6/15/2011,21.32,0.19,54.810001,0
6/16/2011,22.73,0.18,54.32,0
6/17/2011,21.85,0.17,54.400002,0.121
6/20/2011,19.99,0.18,53.639999,0
6/21/2011,18.860001,0.18,54.259998,0
6/22/2011,18.52,0.16,55,0
6/23/2011,19.290001,0.15,54.240002,0
6/24/2011,21.1,0.16,55.080002,0
6/27/2011,20.559999,0.18,54.439999,0
6/28/2011,19.17,0.21,55.369999,0
6/29/2011,17.27,0.19,56.200001,0
6/30/2011,16.52,0.19,56.5,0
7/1/2011,15.87,0.2,57.080002,0
7/4/2011,15.87,0.2,57.080002,0
7/5/2011,16.059999,0.19,57.970001,0
7/6/2011,16.34,0.19,58.130001,0
7/7/2011,15.95,0.2,58.830002,0
7/8/2011,15.95,0.17,58.68,0
7/11/2011,18.389999,0.17,58.41,0
7/12/2011,19.870001,0.18,57.950001,0
7/13/2011,19.91,0.16,57.939999,0
7/14/2011,20.799999,0.15,57.91,0
7/15/2011,19.530001,0.15,57.73,0
7/18/2011,20.950001,0.15,57.529999,0
7/19/2011,19.209999,0.17,58.09,0
7/20/2011,19.09,0.19,59.18,0
7/21/2011,17.559999,0.2,58.66,0
7/22/2011,17.52,0.2,58.959999,0
7/25/2011,19.35,0.2,59.130001,0
7/26/2011,20.23,0.21,59.439999,0
7/27/2011,22.98,0.21,59.240002,0
7/28/2011,23.74,0.21,58.119999,0
7/29/2011,25.25,0.2,57.720001,0
8/1/2011,23.66,0.22,58.700001,0
8/2/2011,24.790001,0.17,57.459999,0
8/3/2011,23.379999,0.16,56.34,0
8/4/2011,31.66,0.12,56,0
8/5/2011,32,0.11,54.720001,0
8/8/2011,48,0.12,52.18,0
8/9/2011,35.060001,0.11,51.349998,0
8/10/2011,42.990002,0.09,51.830002,0
8/11/2011,39,0.1,51.59,0
8/12/2011,36.360001,0.11,53.43,0
8/15/2011,31.870001,0.12,53.790001,0
8/16/2011,32.849998,0.12,53.830002,0
8/17/2011,31.58,0.12,53.970001,0
8/18/2011,42.669998,0.1,52.130001,0
8/19/2011,43.049999,0.1,50.419998,0
8/22/2011,42.439999,0.09,51.23,0
8/23/2011,36.27,0.1,50.549999,0
8/24/2011,35.900002,0.11,52.130001,0
8/25/2011,39.759998,0.1,52.66,0
8/26/2011,35.59,0.09,51.66,0
8/29/2011,32.279999,0.09,53.66,0
8/30/2011,32.889999,0.09,54.41,0
8/31/2011,31.620001,0.1,55.299999,0
9/1/2011,31.82,0.1,55.200001,0
9/2/2011,33.919998,0.1,53.580002,0
9/5/2011,33.919998,0.1,53.580002,0
9/6/2011,37,0.13,52.040001,0
9/7/2011,33.380001,0.11,54.049999,0
9/8/2011,34.32,0.12,54.360001,0
9/9/2011,38.52,0.11,54.009998,0
9/12/2011,38.59,0.11,52.59,0
9/13/2011,36.91,0.1,54.060001,0
9/14/2011,34.599998,0.09,54.860001,0
9/15/2011,31.969999,0.1,55.959999,0
9/16/2011,30.98,0.09,56.200001,0.104
9/19/2011,32.73,0.08,55.889999,0
9/20/2011,32.860001,0.09,56.900002,0
9/21/2011,37.32,0.11,56.650002,0
9/22/2011,41.349998,0.1,53.970001,0
9/23/2011,41.25,0.1,53.130001,0
9/26/2011,39.02,0.1,54.419998,0
9/27/2011,37.709999,0.1,55.709999,0
9/28/2011,41.080002,0.12,55.59,0
9/29/2011,38.84,0.11,55.360001,0
9/30/2011,42.959999,0.13,53.16,0
10/3/2011,45.450001,0.12,52.02,0
10/4/2011,40.82,0.11,50.619999,0
10/5/2011,37.810001,0.1,52.060001,0
10/6/2011,36.27,0.09,53.459999,0
10/7/2011,36.200001,0.11,54.400002,0
10/10/2011,33.02,0.11,54.990002,0
10/11/2011,32.860001,0.12,55.790001,0
10/12/2011,31.26,0.09,56.860001,0
10/13/2011,30.700001,0.11,56.490002,0
10/14/2011,28.24,0.11,57.82,0
10/17/2011,33.389999,0.12,57.91,0
10/18/2011,31.559999,0.12,57.189999,0
10/19/2011,34.439999,0.11,57.669998,0
10/20/2011,34.779999,0.12,56.860001,0
10/21/2011,31.32,0.12,57.189999,0
10/24/2011,29.26,0.11,57.509998,0
10/25/2011,32.220001,0.11,58.299999,0
10/26/2011,29.860001,0.13,57.66,0
10/27/2011,25.459999,0.14,58.639999,0
10/28/2011,24.530001,0.13,58.52,0
10/31/2011,29.959999,0.12,58.43,0
11/1/2011,34.77,0.13,56.52,0
11/2/2011,32.740002,0.11,57.029999,0
11/3/2011,30.5,0.11,57.369999,0
11/4/2011,30.16,0.11,57.82,0
11/7/2011,29.85,0.09,57.759998,0
11/8/2011,27.48,0.1,58.630001,0
11/9/2011,36.16,0.1,57.740002,0
11/10/2011,32.810001,0.1,57.369999,0
11/11/2011,30.040001,0.1,57.27,0
11/14/2011,31.129999,0.09,57.689999,0
11/15/2011,31.219999,0.11,57.32,0
11/16/2011,33.509998,0.11,57.709999,0
11/17/2011,34.509998,0.1,57.02,0
11/18/2011,32,0.12,55.84,0
11/21/2011,32.91,0.11,54.650002,0
11/22/2011,31.969999,0.11,54.200001,0
11/23/2011,33.98,0.12,54.110001,0
11/24/2011,33.98,0.12,54.110001,0
11/25/2011,34.470001,0.13,53.060001,0
11/28/2011,32.130001,0.13,54.169998,0
11/29/2011,30.639999,0.14,54.689999,0
11/30/2011,27.799999,0.12,55.860001,0
12/1/2011,27.41,0.12,56.380001,0
12/2/2011,27.52,0.12,57.34,0
12/5/2011,27.84,0.11,57.470001,0
12/6/2011,28.129999,0.11,57.290001,0
12/7/2011,28.67,0.11,56.919998,0
12/8/2011,30.59,0.1,56.709999,0
12/9/2011,26.379999,0.11,56.259998,0
12/12/2011,25.67,0.1,56.419998,0
12/13/2011,25.41,0.11,56.75,0
12/14/2011,26.040001,0.12,55.549999,0
12/15/2011,25.110001,0.12,55.360001,0
12/16/2011,24.290001,0.11,54.869999,0.161
12/19/2011,24.92,0.11,55.07,0
12/20/2011,23.219999,0.12,55.200001,0
12/21/2011,21.43,0.13,55.599998,0
12/22/2011,21.16,0.12,55.25,0
12/23/2011,20.73,0.12,55.709999,0
12/26/2011,20.73,0.12,55.709999,0
12/27/2011,21.91,0.12,55.990002,0.049
12/28/2011,23.52,0.12,56.169998,0
12/29/2011,22.65,0.12,55.68,0
12/30/2011,23.4,0.12,55.869999,0
1/2/2012,23.4,0.12,55.869999,0
1/3/2012,22.969999,0.12,56.91,0
1/4/2012,22.219999,0.12,56.810001,0
1/5/2012,21.48,0.11,57.02,0
1/6/2012,20.629999,0.12,57.619999,0
1/9/2012,21.07,0.11,57.959999,0
1/10/2012,20.690001,0.11,58.23,0
1/11/2012,21.049999,0.11,58.029999,0
1/12/2012,20.469999,0.11,58.290001,0
1/13/2012,20.91,0.1,58.080002,0
1/16/2012,20.91,0.1,58.080002,0
1/17/2012,22.200001,0.11,58.689999,0
1/18/2012,20.889999,0.11,58.82,0
1/19/2012,19.870001,0.11,59.759998,0
1/20/2012,18.280001,0.11,59.599998,0
1/23/2012,18.67,0.12,59.779999,0
1/24/2012,18.91,0.12,59.52,0
1/25/2012,18.309999,0.12,60.259998,0
1/26/2012,18.57,0.12,60.689999,0
1/27/2012,18.530001,0.12,60.09,0
1/30/2012,19.4,0.12,59.889999,0
1/31/2012,19.440001,0.13,60.75,0
2/1/2012,18.549999,0.13,60.880001,0
2/2/2012,17.98,0.14,61.220001,0
2/3/2012,17.1,0.14,61.779999,0
2/6/2012,17.76,0.14,61.82,0
2/7/2012,17.65,0.14,61.950001,0
2/8/2012,18.16,0.15,62.139999,0
2/9/2012,18.629999,0.15,62.700001,0
2/10/2012,20.790001,0.15,62.459999,0
2/13/2012,19.040001,0.15,62.939999,0
2/14/2012,19.540001,0.18,62.91,0
2/15/2012,21.139999,0.18,63.509998,0
2/16/2012,19.219999,0.17,62.790001,0
2/17/2012,17.780001,0.18,63.639999,0
2/20/2012,17.780001,0.18,63.639999,0
2/21/2012,18.190001,0.17,63.5,0
2/22/2012,18.190001,0.17,63.490002,0
2/23/2012,16.799999,0.17,63.400002,0
2/24/2012,17.309999,0.18,63.919998,0
2/27/2012,18.190001,0.17,63.610001,0
2/28/2012,17.959999,0.18,64.110001,0
2/29/2012,18.43,0.18,64.75,0
3/1/2012,17.26,0.18,64.650002,0
3/2/2012,17.290001,0.17,64.830002,0
3/5/2012,18.049999,0.17,64.830002,0
3/6/2012,20.870001,0.17,63.57,0
3/7/2012,19.07,0.18,63.869999,0
3/8/2012,17.950001,0.18,64.440002,0
3/9/2012,17.110001,0.18,64.860001,0
3/12/2012,15.64,0.18,65,0
3/13/2012,14.8,0.2,65.400002,0
3/14/2012,15.31,0.21,66.330002,0
3/15/2012,15.42,0.21,66.690002,0
3/16/2012,14.47,0.21,66.669998,0.113
3/19/2012,15.04,0.21,66.629997,0
3/20/2012,15.58,0.22,66.639999,0
3/21/2012,15.13,0.21,67.120003,0
3/22/2012,15.57,0.19,66.720001,0
3/23/2012,14.82,0.19,67.059998,0
3/26/2012,14.26,0.19,67.389999,0
3/27/2012,15.59,0.18,68.160004,0
3/28/2012,15.47,0.18,68.25,0
3/29/2012,15.48,0.18,67.599998,0
3/30/2012,15.5,0.19,67.980003,0
4/2/2012,15.64,0.18,67.480003,0
4/3/2012,15.66,0.2,68.309998,0
4/4/2012,16.440001,0.19,67.720001,0
4/5/2012,16.700001,0.19,67.18,0
4/6/2012,16.700001,0.19,67.18,0
4/9/2012,18.809999,0.19,66.879997,0
4/10/2012,20.389999,0.19,67.18,0
4/11/2012,20.02,0.18,66.709999,0
4/12/2012,17.200001,0.18,66.580002,0
4/13/2012,19.549999,0.17,66.980003,0
4/16/2012,19.549999,0.18,66.519997,0
4/17/2012,18.459999,0.18,65.730003,0
4/18/2012,18.639999,0.18,66.589996,0
4/19/2012,18.360001,0.17,66.370003,0
4/20/2012,17.440001,0.18,66.220001,0
4/23/2012,18.969999,0.17,65.059998,0
4/24/2012,18.1,0.18,64.959999,0
4/25/2012,16.82,0.18,66.07,0
4/26/2012,16.24,0.18,66.440002,0
4/27/2012,16.32,0.19,67.120003,0
4/30/2012,17.15,0.2,67.040001,0
5/1/2012,16.6,0.19,66.690002,0
5/2/2012,16.879999,0.18,66.540001,0
5/3/2012,17.559999,0.19,67.099998,0
5/4/2012,19.16,0.18,65.739998,0
5/7/2012,18.940001,0.18,64.309998,0
5/8/2012,19.049999,0.18,64.349998,0
5/9/2012,20.08,0.18,63.77,0
5/10/2012,18.83,0.18,64.610001,0
5/11/2012,19.889999,0.18,63.970001,0
5/14/2012,21.870001,0.19,63.630001,0
5/15/2012,21.969999,0.19,63.75,0
5/16/2012,22.27,0.2,63.59,0
5/17/2012,24.49,0.2,62.959999,0
5/18/2012,25.1,0.2,61.799999,0
5/21/2012,22.01,0.21,60.93,0
5/22/2012,22.48,0.21,62.689999,0
5/23/2012,22.33,0.2,61.91,0
5/24/2012,21.540001,0.21,62.650002,0
5/25/2012,21.76,0.2,62.209999,0
5/28/2012,21.76,0.2,62.209999,0
5/29/2012,21.030001,0.2,62.650002,0
5/30/2012,24.139999,0.19,62.290001,0
5/31/2012,24.059999,0.18,62.25,0
6/1/2012,26.66,0.17,60.939999,0
6/4/2012,26.120001,0.18,60.580002,0
6/5/2012,24.68,0.18,60.66,0
6/6/2012,22.16,0.18,61.580002,0
6/7/2012,21.719999,0.18,63.18,0
6/8/2012,21.23,0.19,62.169998,0
6/11/2012,23.559999,0.18,63.349998,0
6/12/2012,22.09,0.19,62.099998,0
6/13/2012,24.27,0.18,62.380001,0
6/14/2012,21.68,0.18,62.119999,0
6/15/2012,21.110001,0.18,62.389999,0.143
6/18/2012,18.32,0.18,62.73,0
6/19/2012,18.379999,0.18,63.900002,0
6/20/2012,17.24,0.2,64.379997,0
6/21/2012,20.08,0.19,64.239998,0
6/22/2012,18.110001,0.19,62.900002,0
6/25/2012,20.379999,0.19,62.830002,0
6/26/2012,19.719999,0.21,62.34,0
6/27/2012,19.450001,0.21,62.759998,0
6/28/2012,19.709999,0.22,62.43,0
6/29/2012,17.08,0.21,63.400002,0
7/2/2012,16.799999,0.21,64.25,0
7/3/2012,16.66,0.21,64.389999,0
7/4/2012,16.66,0.21,64.389999,0
7/5/2012,17.5,0.19,64.830002,0
7/6/2012,17.1,0.2,64.629997,0
7/9/2012,17.98,0.2,64.050003,0
7/10/2012,18.719999,0.2,64.349998,0
7/11/2012,17.950001,0.2,63.290001,0
7/12/2012,18.33,0.2,62.52,0
7/13/2012,16.74,0.2,62.599998,0
7/16/2012,17.110001,0.18,63.240002,0
7/17/2012,16.48,0.18,63.599998,0
7/18/2012,16.16,0.18,63.41,0
7/19/2012,15.45,0.17,64.839996,0
7/20/2012,16.27,0.17,65.080002,0
7/23/2012,18.620001,0.17,62.990002,0
7/24/2012,20.469999,0.18,63.57,0
7/25/2012,19.34,0.17,62.470001,0
7/26/2012,17.530001,0.18,63.439999,0
7/27/2012,16.700001,0.17,63.830002,0
7/30/2012,18.030001,0.18,65.029999,0
7/31/2012,18.93,0.16,64.919998,0
8/1/2012,18.959999,0.17,65.260002,0
8/2/2012,17.57,0.17,64.120003,0
8/3/2012,15.64,0.16,65.419998,0
8/6/2012,15.95,0.16,65.940002,0
8/7/2012,15.99,0.19,66.379997,0
8/8/2012,15.32,0.19,66.480003,0
8/9/2012,15.28,0.2,66.610001,0
8/10/2012,14.74,0.18,66.580002,0
8/13/2012,13.7,0.19,66.839996,0
8/14/2012,14.85,0.19,67.269997,0
8/15/2012,14.63,0.19,67,0
8/16/2012,14.29,0.2,67.470001,0
8/17/2012,13.45,0.2,68.169998,0
8/20/2012,14.02,0.19,68.269997,0
8/21/2012,15.02,0.2,68.599998,0
8/22/2012,15.11,0.19,68,0
8/23/2012,15.96,0.19,68.120003,0
8/24/2012,15.18,0.19,67.709999,0
8/27/2012,16.35,0.18,68.580002,0
8/28/2012,16.49,0.18,68.339996,0
8/29/2012,17.059999,0.18,68.400002,0
8/30/2012,17.83,0.17,68.099998,0
8/31/2012,17.469999,0.16,68.199997,0
9/3/2012,17.469999,0.16,68.199997,0
9/4/2012,17.98,0.16,68.029999,0
9/5/2012,17.74,0.17,68.059998,0
9/6/2012,15.6,0.18,68.440002,0
9/7/2012,14.38,0.18,69.370003,0
9/10/2012,16.280001,0.18,69.25,0
9/11/2012,16.41,0.18,68.550003,0
9/12/2012,15.8,0.18,68.68,0
9/13/2012,14.05,0.17,68.690002,0
9/14/2012,14.51,0.18,69.809998,0
9/17/2012,14.59,0.18,70.220001,0
9/18/2012,14.18,0.18,70.029999,0
9/19/2012,13.88,0.18,70.260002,0
9/20/2012,14.07,0.18,70.059998,0
9/21/2012,13.98,0.18,70.480003,0.2
9/24/2012,14.15,0.18,69.57,0
9/25/2012,15.43,0.18,69.919998,0
9/26/2012,16.809999,0.17,68.669998,0
9/27/2012,14.84,0.16,68.370003,0
9/28/2012,15.73,0.17,68.910004,0
10/1/2012,16.32,0.17,68.900002,0
10/2/2012,15.71,0.16,68.769997,0
10/3/2012,15.43,0.16,68.860001,0
10/4/2012,14.55,0.18,69.220001,0
10/5/2012,14.33,0.18,69.699997,0
10/8/2012,15.11,0.18,68.580002,0
10/9/2012,16.370001,0.18,68.169998,0
10/10/2012,16.290001,0.18,67.239998,0
10/11/2012,15.59,0.18,67.419998,0
10/12/2012,16.139999,0.18,66.699997,0
10/15/2012,15.27,0.19,66.93,0
10/16/2012,15.22,0.18,67.269997,0
10/17/2012,15.07,0.18,67.769997,0
10/18/2012,15.03,0.18,67.860001,0
10/19/2012,17.059999,0.18,67.209999,0
10/22/2012,16.620001,0.19,65.650002,0
10/23/2012,18.83,0.18,65.480003,0
10/24/2012,18.33,0.18,65.760002,0
10/25/2012,18.120001,0.19,65.610001,0
10/26/2012,17.809999,0.19,65.160004,0
10/29/2012,17.809999,0.18,65.160004,0
10/30/2012,17.809999,0.18,65.160004,0
10/31/2012,18.6,0.18,65.269997,0
11/1/2012,16.690001,0.18,65.360001,0
11/2/2012,17.59,0.19,66.169998,0
11/5/2012,18.42,0.19,65.18,0
11/6/2012,17.58,0.19,65.709999,0
11/7/2012,19.08,0.18,65.019997,0
11/8/2012,18.49,0.2,64.349998,0
11/9/2012,18.610001,0.18,63.200001,0
11/12/2012,16.68,0.18,63.799999,0
11/13/2012,16.65,0.18,62.93,0
11/14/2012,17.92,0.18,63.290001,0
11/15/2012,17.99,0.17,62.279999,0
11/16/2012,16.41,0.16,62.080002,0
11/19/2012,15.24,0.16,62.98,0
11/20/2012,15.08,0.16,63.759998,0
11/21/2012,15.31,0.17,63.869999,0
11/22/2012,15.31,0.17,63.869999,0
11/23/2012,15.14,0.19,64.290001,0
11/26/2012,15.5,0.17,64.739998,0
11/27/2012,15.92,0.18,65.169998,0
11/28/2012,15.51,0.18,64.650002,0
11/29/2012,15.06,0.18,65.870003,0
11/30/2012,15.87,0.18,65.919998,0
12/3/2012,16.639999,0.18,66.309998,0
12/4/2012,17.120001,0.18,65.699997,0
12/5/2012,16.459999,0.18,65.529999,0
12/6/2012,16.58,0.18,64.699997,0
12/7/2012,15.9,0.18,65.639999,0
12/10/2012,16.049999,0.18,64.75,0
12/11/2012,15.57,0.16,65.57,0
12/12/2012,15.95,0.14,66.32,0
12/13/2012,16.559999,0.14,65.699997,0
12/14/2012,17,0.13,64.870003,0
12/17/2012,16.34,0.13,64.75,0
12/18/2012,15.57,0.16,65.879997,0
12/19/2012,17.360001,0.15,66.739998,0
12/20/2012,17.67,0.15,66.379997,0
12/21/2012,17.84,0.15,64.879997,0.367
12/24/2012,17.84,0.16,65.029999,0
12/25/2012,17.84,0.16,65.029999,0
12/26/2012,19.48,0.16,65.120003,0
12/27/2012,19.469999,0.15,64.559998,0
12/28/2012,22.719999,0.15,63.91,0
12/31/2012,18.02,0.16,63.709999,0
1/1/2013,18.02,0.16,63.709999,0
1/2/2013,14.68,0.15,66.730003,0
1/3/2013,14.56,0.15,67.199997,0
1/4/2013,13.83,0.15,66.879997,0
1/7/2013,13.79,0.15,66.459999,0
1/8/2013,13.62,0.14,66.639999,0
1/9/2013,13.81,0.13,66.620003,0
1/10/2013,13.49,0.14,67.230003,0
1/11/2013,13.36,0.14,67.139999,0
1/14/2013,13.52,0.14,66.919998,0
1/15/2013,13.55,0.14,66.629997,0
1/16/2013,13.42,0.14,66.720001,0
1/17/2013,13.57,0.14,67.169998,0
1/18/2013,12.46,0.14,67.019997,0
1/21/2013,12.46,0.14,67.019997,0
1/22/2013,12.43,0.14,67.139999,0
1/23/2013,12.46,0.15,67.559998,0
1/24/2013,12.69,0.15,66.660004,0
1/25/2013,12.89,0.15,66.870003,0
1/28/2013,13.57,0.16,67.010002,0
1/29/2013,13.31,0.15,67.07,0
1/30/2013,14.32,0.15,67.279999,0
1/31/2013,14.28,0.15,66.989998,0
2/1/2013,12.9,0.15,67.339996,0
2/4/2013,14.67,0.15,67.269997,0
2/5/2013,13.72,0.15,66.769997,0
2/6/2013,13.41,0.15,67.239998,0
2/7/2013,13.5,0.15,67.32,0
2/8/2013,13.02,0.14,67.639999,0
2/11/2013,12.94,0.15,68.029999,0
2/12/2013,12.64,0.14,67.919998,0
2/13/2013,12.98,0.15,67.93,0
2/14/2013,12.66,0.16,67.660004,0
2/15/2013,12.46,0.17,67.940002,0
2/18/2013,12.46,0.17,67.940002,0
2/19/2013,12.31,0.17,67.879997,0
2/20/2013,14.68,0.17,68.220001,0
2/21/2013,15.22,0.16,66.940002,0
2/22/2013,14.17,0.16,66.849998,0
2/25/2013,18.99,0.16,67.57,0
2/26/2013,16.870001,0.17,66.400002,0
2/27/2013,14.73,0.17,66.559998,0
2/28/2013,15.51,0.17,67.25,0
3/1/2013,15.36,0.16,66.870003,0
3/4/2013,14.01,0.16,67.160004,0
3/5/2013,13.48,0.15,68.080002,0
3/6/2013,13.53,0.15,68.889999,0
3/7/2013,13.06,0.15,68.589996,0
3/8/2013,12.59,0.15,68.919998,0
3/11/2013,11.56,0.15,68.68,0
3/12/2013,12.27,0.15,68.769997,0
3/13/2013,11.83,0.15,68.809998,0
3/14/2013,11.3,0.15,68.870003,0
3/15/2013,11.3,0.14,68.75,0.159
3/18/2013,13.36,0.15,67.879997,0
3/19/2013,14.39,0.15,68.57,0
3/20/2013,12.67,0.15,68.709999,0
3/21/2013,13.99,0.14,68.080002,0
3/22/2013,13.57,0.14,68.209999,0
3/25/2013,13.74,0.14,68.809998,0
3/26/2013,12.77,0.14,68.599998,0
3/27/2013,13.15,0.14,68.239998,0
3/28/2013,12.7,0.14,68.800003,0
3/29/2013,12.7,0.14,68.800003,0
4/1/2013,13.58,0.14,69.019997,0
4/2/2013,12.78,0.14,68.830002,0
4/3/2013,14.21,0.13,69.080002,0
4/4/2013,13.89,0.13,68.379997,0
4/5/2013,13.92,0.13,67.349998,0
4/8/2013,13.19,0.13,67.889999,0
4/9/2013,12.84,0.13,68.400002,0
4/10/2013,12.36,0.12,68.919998,0
4/11/2013,12.24,0.12,69.849998,0
4/12/2013,12.06,0.11,69.82,0
4/15/2013,17.27,0.12,69.68,0
4/16/2013,13.96,0.13,68.949997,0
4/17/2013,16.51,0.13,68.870003,0
4/18/2013,17.559999,0.12,68.290001,0
4/19/2013,14.97,0.12,67.300003,0
4/22/2013,14.39,0.12,68.330002,0
4/23/2013,13.48,0.12,69.18,0
4/24/2013,13.61,0.13,69.279999,0
4/25/2013,13.62,0.12,69.599998,0
4/26/2013,13.61,0.12,69.620003,0
4/29/2013,13.71,0.12,69.790001,0
4/30/2013,13.52,0.11,70.300003,0
5/1/2013,14.49,0.11,70.739998,0
5/2/2013,13.59,0.11,70.510002,0
5/3/2013,12.85,0.11,71.970001,0
5/6/2013,12.66,0.11,72.25,0
5/7/2013,12.83,0.1,72.519997,0
5/8/2013,12.66,0.11,72.32,0
5/9/2013,13.13,0.11,72.57,0
5/10/2013,12.59,0.11,72.760002,0
5/13/2013,12.55,0.13,72.93,0
5/14/2013,12.77,0.12,73.160004,0
5/15/2013,12.81,0.12,73.379997,0
5/16/2013,13.07,0.12,73.730003,0
5/17/2013,12.45,0.12,73.970001,0
5/20/2013,13.02,0.12,74.160004,0
5/21/2013,13.37,0.12,74.150002,0
5/22/2013,13.82,0.11,74.360001,0
5/23/2013,14.07,0.12,72.970001,0
5/24/2013,13.99,0.12,72.959999,0
5/27/2013,13.99,0.12,72.959999,0
5/28/2013,14.48,0.13,74.269997,0
5/29/2013,14.83,0.14,73.599998,0
5/30/2013,14.53,0.13,73.57,0
5/31/2013,16.299999,0.14,73.650002,0
6/3/2013,16.280001,0.14,73.260002,0
6/4/2013,16.27,0.14,73.529999,0
6/5/2013,17.5,0.14,72.760002,0
6/6/2013,16.629999,0.14,72.150002,0
6/7/2013,15.14,0.14,72.699997,0
6/10/2013,15.44,0.14,73.529999,0
6/11/2013,17.07,0.14,72.690002,0
6/12/2013,18.59,0.14,73.110001,0
6/13/2013,16.41,0.14,71.75,0
6/14/2013,17.15,0.13,72.760002,0
6/17/2013,16.799999,0.13,72.849998,0
6/18/2013,16.610001,0.13,73.080002,0
6/19/2013,16.639999,0.13,73.599998,0
6/20/2013,20.49,0.14,71.919998,0
6/21/2013,18.9,0.13,70.779999,0.224
6/24/2013,20.110001,0.16,69.849998,0
6/25/2013,18.469999,0.17,70.400002,0
6/26/2013,17.209999,0.16,70.839996,0
6/27/2013,16.860001,0.15,71.239998,0
6/28/2013,16.860001,0.15,70.949997,0
7/1/2013,16.370001,0.15,71.75,0
7/2/2013,16.440001,0.14,71.68,0
7/3/2013,16.200001,0.14,71.480003,0
7/4/2013,16.200001,0.14,71.480003,0
7/5/2013,14.89,0.15,72.440002,0
7/8/2013,14.78,0.14,72.959999,0
7/9/2013,14.35,0.14,72.989998,0
7/10/2013,14.21,0.13,73.019997,0
7/11/2013,14.01,0.13,74.300003,0
7/12/2013,13.84,0.12,75.019997,0
7/15/2013,13.79,0.11,75.379997,0
7/16/2013,14.42,0.1,75.529999,0
7/17/2013,13.78,0.11,75.599998,0
7/18/2013,13.77,0.11,75.550003,0
7/19/2013,12.54,0.11,74.720001,0
7/22/2013,12.29,0.1,74.870003,0
7/23/2013,12.66,0.12,74.949997,0
7/24/2013,13.18,0.12,74.989998,0
7/25/2013,12.97,0.12,74.849998,0
7/26/2013,12.72,0.11,74.669998,0
7/29/2013,13.39,0.11,75.220001,0
7/30/2013,13.39,0.11,75.5,0
7/31/2013,13.45,0.11,75.779999,0
8/1/2013,12.94,0.13,76.290001,0
8/2/2013,11.98,0.11,76.550003,0
8/5/2013,11.84,0.12,76.93,0
8/6/2013,12.72,0.12,76.919998,0
8/7/2013,12.98,0.12,76.339996,0
8/8/2013,12.73,0.12,76.839996,0
8/9/2013,13.41,0.11,76.669998,0
8/12/2013,12.81,0.12,76.199997,0
8/13/2013,12.31,0.12,76.769997,0
8/14/2013,13.04,0.12,77.07,0
8/15/2013,14.73,0.13,75.949997,0
8/16/2013,14.37,0.13,75.519997,0
8/19/2013,15.1,0.13,75.489998,0
8/20/2013,14.91,0.13,75.489998,0
8/21/2013,15.94,0.14,75.440002,0
8/22/2013,14.76,0.14,75.75,0
8/23/2013,13.98,0.14,76.699997,0
8/26/2013,14.99,0.13,76.730003,0
8/27/2013,16.77,0.12,75.800003,0
8/28/2013,16.49,0.14,75.050003,0
8/29/2013,16.809999,0.14,75.410004,0
8/30/2013,17.01,0.13,76.040001,0
9/2/2013,17.01,0.13,76.040001,0
9/3/2013,16.610001,0.14,76.089996,0
9/4/2013,15.88,0.14,76.160004,0
9/5/2013,15.77,0.16,76.760002,0
9/6/2013,15.85,0.14,77.099998,0
9/9/2013,15.63,0.12,77.260002,0
9/10/2013,14.53,0.13,78.279999,0
9/11/2013,13.82,0.12,77.690002,0
9/12/2013,14.29,0.13,78.080002,0
9/13/2013,14.16,0.13,78.089996,0
9/16/2013,14.38,0.13,78.720001,0
9/17/2013,14.53,0.12,78.019997,0
9/18/2013,13.59,0.11,78.489998,0
9/19/2013,13.16,0.1,79.559998,0
9/20/2013,13.12,0.11,79.449997,0.238
9/23/2013,14.31,0.1,79.32,0
9/24/2013,14.08,0.1,79,0
9/25/2013,14.01,0.1,78.889999,0
9/26/2013,14.06,0.09,78.879997,0
9/27/2013,15.46,0.1,78.709999,0
9/30/2013,16.6,0.1,78.25,0
10/1/2013,15.54,0.1,78.889999,0
10/2/2013,16.6,0.11,79.139999,0
10/3/2013,17.67,0.11,79.550003,0
10/4/2013,16.74,0.11,78.720001,0
10/7/2013,19.41,0.12,78.699997,0
10/8/2013,20.34,0.15,78.739998,0
10/9/2013,19.6,0.15,77.400002,0
10/10/2013,16.48,0.14,77.809998,0
10/11/2013,15.72,0.14,78.410004,0
10/14/2013,16.07,0.14,78.739998,0
10/15/2013,18.66,0.16,79.730003,0
10/16/2013,14.71,0.15,79.849998,0
10/17/2013,13.48,0.13,80.019997,0
10/18/2013,13.04,0.12,81.580002,0
10/21/2013,13.16,0.11,82.339996,0
10/22/2013,13.33,0.1,82.650002,0
10/23/2013,13.42,0.11,82.050003,0
10/24/2013,13.2,0.12,82,0
10/25/2013,13.09,0.11,83.080002,0
10/28/2013,13.31,0.11,82.910004,0
10/29/2013,13.41,0.11,83.199997,0
10/30/2013,13.65,0.11,83.349998,0
10/31/2013,13.75,0.1,82.769997,0
11/1/2013,13.28,0.1,83.07,0
11/4/2013,12.93,0.09,83.059998,0
11/5/2013,13.27,0.1,82.610001,0
11/6/2013,12.67,0.11,83.370003,0
11/7/2013,13.91,0.11,83.010002,0
11/8/2013,12.9,0.12,81.739998,0
11/11/2013,12.53,0.12,82.419998,0
11/12/2013,12.82,0.13,82.160004,0
11/13/2013,12.52,0.13,82,0
11/14/2013,12.37,0.13,83.32,0
11/15/2013,12.19,0.13,83.82,0
11/18/2013,13.1,0.13,83.940002,0
11/19/2013,13.39,0.14,83.089996,0
11/20/2013,13.4,0.12,83.120003,0
11/21/2013,12.66,0.12,83.050003,0
11/22/2013,12.26,0.12,83.68,0
11/25/2013,12.79,0.14,84.290001,0
11/26/2013,12.81,0.13,84.209999,0
11/27/2013,12.98,0.13,84.800003,0
11/28/2013,12.98,0.13,84.800003,0
11/29/2013,13.7,0.13,85.559998,0
12/2/2013,14.23,0.13,85.830002,0
12/3/2013,14.55,0.13,85.419998,0
12/4/2013,14.7,0.14,85.050003,0
12/5/2013,15.08,0.13,85.559998,0
12/6/2013,13.79,0.13,86.099998,0
12/9/2013,13.49,0.13,86.349998,0
12/10/2013,13.91,0.14,86.209999,0
12/11/2013,15.42,0.13,86.279999,0
12/12/2013,15.54,0.14,85.209999,0
12/13/2013,15.76,0.14,85.360001,0
12/16/2013,16.030001,0.13,85.269997,0
12/17/2013,16.209999,0.14,85.32,0
12/18/2013,13.8,0.13,85.25,0
12/19/2013,14.15,0.13,86,0
12/20/2013,13.79,0.13,85.790001,0.272
12/23/2013,13.04,0.14,87.209999,0
12/24/2013,12.48,0.14,87.43,0
12/25/2013,12.48,0.14,87.43,0
12/26/2013,12.33,0.13,87.610001,0
12/27/2013,12.46,0.12,87.849998,0
12/30/2013,13.56,0.13,87.389999,0
12/31/2013,13.72,0.13,87.550003,0
1/1/2014,13.72,0.13,87.550003,0
1/2/2014,14.23,0.13,87.550003,0
1/3/2014,13.76,0.13,87.269997,0
1/6/2014,13.55,0.12,86.660004,0
1/7/2014,12.92,0.13,86.720001,0
1/8/2014,12.87,0.13,87.139999,0
1/9/2014,12.89,0.13,87.629997,0
1/10/2014,12.14,0.12,87.230003,0
1/13/2014,13.28,0.11,87.18,0
1/14/2014,12.28,0.11,86.300003,0
1/15/2014,12.28,0.13,88.029999,0
1/16/2014,12.53,0.11,88.300003,0
1/17/2014,12.44,0.11,88.110001,0
1/20/2014,12.44,0.11,88.110001,0
1/21/2014,12.87,0.12,88.440002,0
1/22/2014,12.84,0.11,88.779999,0
1/23/2014,13.77,0.11,88.510002,0
1/24/2014,18.139999,0.11,88.050003,0
1/27/2014,17.42,0.11,86.739998,0
1/28/2014,15.8,0.11,85.5,0
1/29/2014,17.35,0.11,85.110001,0
1/30/2014,17.290001,0.1,85.970001,0
1/31/2014,18.41,0.1,85.540001,0
2/3/2014,21.440001,0.11,86.110001,0
2/4/2014,19.110001,0.12,84.720001,0
2/5/2014,19.950001,0.12,84.629997,0
2/6/2014,17.23,0.13,84.940002,0
2/7/2014,15.29,0.12,86.25,0
2/10/2014,15.26,0.12,87.269997,0
2/11/2014,14.51,0.12,87.989998,0
2/12/2014,14.3,0.12,88.980003,0
2/13/2014,14.14,0.12,88.32,0
2/14/2014,13.57,0.11,89.599998,0
2/17/2014,13.57,0.11,89.599998,0
2/18/2014,13.87,0.12,89.959999,0
2/19/2014,15.5,0.11,90.080002,0
2/20/2014,14.79,0.12,89.690002,0
2/21/2014,14.68,0.12,90.339996,0
2/24/2014,14.23,0.11,90.139999,0
2/25/2014,13.67,0.11,90.540001,0
2/26/2014,14.35,0.11,90.550003,0
2/27/2014,14.04,0.11,89.870003,0.373
2/28/2014,14,0.12,90.419998,0
3/3/2014,16,0.12,89.489998,0
3/4/2014,14.1,0.12,90.650002,0
3/5/2014,13.89,0.13,90.959999,0
3/6/2014,14.21,0.12,91.269997,0
3/7/2014,14.11,0.13,91.269997,0
3/10/2014,14.2,0.12,90.480003,0
3/11/2014,14.8,0.13,90.830002,0
3/12/2014,14.47,0.12,89.809998,0
3/13/2014,16.219999,0.12,90.900002,0
3/14/2014,17.82,0.12,88.989998,0
3/17/2014,15.64,0.13,89.239998,0
3/18/2014,14.52,0.13,89.559998,0
3/19/2014,15.12,0.15,90.559998,0
3/20/2014,14.52,0.14,89.760002,0
3/21/2014,15,0.14,90.599998,0.206
3/24/2014,15.09,0.14,89.32,0
3/25/2014,14.02,0.13,88.68,0
3/26/2014,14.93,0.12,88.949997,0
3/27/2014,14.62,0.12,87.25,0
3/28/2014,14.41,0.13,87.160004,0
3/31/2014,13.88,0.13,87.730003,0
4/1/2014,13.1,0.13,88.099998,0
4/2/2014,13.09,0.12,89.589996,0
4/3/2014,13.37,0.11,89.529999,0
4/4/2014,13.96,0.11,89.32,0
4/7/2014,15.57,0.11,85.830002,0
4/8/2014,14.89,0.11,85.650002,0
4/9/2014,13.82,0.1,86.660004,0
4/10/2014,15.89,0.09,87.879997,0
4/11/2014,17.030001,0.09,84.339996,0
4/14/2014,16.110001,0.1,84.849998,0
4/15/2014,15.61,0.11,85.080002,0
4/16/2014,14.18,0.11,85.790001,0
4/17/2014,13.36,0.11,85.849998,0
4/18/2014,13.36,0.11,85.849998,0
4/21/2014,13.25,0.11,86.400002,0
4/22/2014,13.19,0.11,87.139999,0
4/23/2014,13.27,0.11,87.529999,0
4/24/2014,13.32,0.1,88.190002,0
4/25/2014,14.06,0.11,87.07,0
4/28/2014,13.97,0.1,86.599998,0
4/29/2014,13.71,0.11,86.730003,0
4/30/2014,13.41,0.11,86.760002,0
5/1/2014,13.25,0.1,87.529999,0
5/2/2014,12.91,0.1,87.949997,0
5/5/2014,13.29,0.11,86.970001,0
5/6/2014,13.8,0.1,87.809998,0
5/7/2014,13.4,0.1,86.989998,0
5/8/2014,13.43,0.1,86.25,0
5/9/2014,12.92,0.1,86.43,0
5/12/2014,12.23,0.09,87.32,0
5/13/2014,12.13,0.1,88.309998,0
5/14/2014,12.17,0.1,88.019997,0
5/15/2014,13.17,0.09,87.809998,0
5/16/2014,12.44,0.09,87.239998,0
5/19/2014,12.42,0.09,87.449997,0
5/20/2014,12.96,0.09,88.279999,0
5/21/2014,11.91,0.09,88.160004,0
5/22/2014,12.03,0.09,88.940002,0
5/23/2014,11.36,0.1,89.32,0
5/26/2014,11.36,0.1,89.32,0
5/27/2014,11.51,0.09,90.279999,0
5/28/2014,11.68,0.1,90.970001,0
5/29/2014,11.57,0.1,91.040001,0
5/30/2014,11.4,0.1,91.32,0
6/2/2014,11.58,0.1,91.419998,0
6/3/2014,11.87,0.1,90.919998,0
6/4/2014,12.08,0.1,90.949997,0
6/5/2014,11.68,0.1,91.599998,0
6/6/2014,10.73,0.11,92.629997,0
6/9/2014,11.15,0.11,92.839996,0
6/10/2014,10.99,0.11,92.669998,0
6/11/2014,11.6,0.11,92.589996,0
6/12/2014,12.56,0.1,92.690002,0
6/13/2014,12.18,0.11,92.449997,0
6/16/2014,12.65,0.11,92.160004,0
6/17/2014,12.06,0.11,92.330002,0
6/18/2014,10.61,0.1,92.540001,0
6/19/2014,10.62,0.09,93.110001,0
6/20/2014,10.85,0.09,92.699997,0.249
6/23/2014,10.98,0.1,92.760002,0
6/24/2014,12.13,0.12,92.779999,0
6/25/2014,11.59,0.11,92.489998,0
6/26/2014,11.63,0.11,93.349998,0
6/27/2014,11.26,0.1,93.220001,0
6/30/2014,11.57,0.11,93.730003,0
7/1/2014,11.15,0.11,94.239998,0
7/2/2014,10.82,0.12,95,0
7/3/2014,10.32,0.11,95.410004,0
7/4/2014,10.32,0.11,95.410004,0
7/7/2014,11.33,0.12,95.589996,0
7/8/2014,11.98,0.11,95.230003,0
7/9/2014,11.65,0.11,94.510002,0
7/10/2014,12.59,0.1,93.739998,0
7/11/2014,12.08,0.11,94.900002,0
7/14/2014,11.82,0.11,95.699997,0
7/15/2014,11.96,0.11,95.989998,0
7/16/2014,11,0.11,96.199997,0
7/17/2014,14.54,0.1,95.629997,0
7/18/2014,12.06,0.1,95.110001,0
7/21/2014,12.81,0.11,95.919998,0
7/22/2014,12.24,0.11,96.449997,0
7/23/2014,11.52,0.11,96.949997,0
7/24/2014,11.84,0.11,97.400002,0
7/25/2014,12.69,0.11,96.620003,0
7/28/2014,12.56,0.11,96.839996,0
7/29/2014,13.28,0.12,96.980003,0
7/30/2014,13.33,0.13,97.139999,0
7/31/2014,16.950001,0.12,96.18,0
8/1/2014,17.030001,0.13,94.82,0
8/4/2014,15.12,0.12,94.870003,0
8/5/2014,16.870001,0.12,94.940002,0
8/6/2014,16.370001,0.11,94,0
8/7/2014,16.66,0.11,94.959999,0
8/8/2014,15.77,0.1,94.370003,0
8/11/2014,14.23,0.1,95.269997,0
8/12/2014,14.13,0.1,95.360001,0
8/13/2014,12.9,0.1,95.809998,0
8/14/2014,12.42,0.1,96.559998,0
8/15/2014,13.15,0.09,97.489998,0
8/18/2014,12.32,0.1,97.910004,0
8/19/2014,12.21,0.11,98.379997,0
8/20/2014,11.78,0.12,98.620003,0
8/21/2014,11.76,0.1,98.75,0
8/22/2014,11.47,0.1,98.940002,0
8/25/2014,11.7,0.11,99.519997,0
8/26/2014,11.63,0.12,99.550003,0
8/27/2014,11.78,0.11,99.529999,0
8/28/2014,12.05,0.11,99.18,0
8/29/2014,12.09,0.09,99.629997,0
9/1/2014,12.09,0.09,99.629997,0
9/2/2014,12.25,0.1,100.019997,0
9/3/2014,12.36,0.11,100.339996,0
9/4/2014,12.64,0.1,99.709999,0
9/5/2014,12.09,0.1,99.540001,0
9/8/2014,12.66,0.1,99.919998,0
9/9/2014,13.5,0.11,100.089996,0
9/10/2014,12.88,0.11,99.379997,0
9/11/2014,12.8,0.11,99.639999,0
9/12/2014,13.31,0.11,99.900002,0
9/15/2014,14.12,0.11,99.589996,0
9/16/2014,12.73,0.13,98.150002,0
9/17/2014,12.65,0.12,99.360001,0
9/18/2014,12.03,0.12,99.839996,0
9/19/2014,12.11,0.11,100.459999,0.238
9/22/2014,13.69,0.1,99.739998,0
9/23/2014,14.93,0.1,98.650002,0
9/24/2014,13.27,0.11,98.879997,0
9/25/2014,15.64,0.1,99.519997,0
9/26/2014,14.85,0.11,98.059998,0
9/29/2014,15.98,0.11,97.800003,0
9/30/2014,16.309999,0.13,98.919998,0
10/1/2014,16.709999,0.1,98.510002,0
10/2/2014,16.16,0.1,97.169998,0
10/3/2014,14.55,0.11,97.779999,0
10/6/2014,15.46,0.11,98.480003,0
10/7/2014,17.200001,0.1,97.5,0
10/8/2014,15.11,0.1,96.620003,0
10/9/2014,18.76,0.1,98.32,0
10/10/2014,21.24,0.1,96.290001,0
10/13/2014,24.639999,0.1,94.269997,0
10/14/2014,22.790001,0.09,93.540001,0
10/15/2014,25.27,0.1,91.57,0
10/16/2014,25.200001,0.1,90.419998,0
10/17/2014,21.99,0.11,93,0
10/20/2014,18.57,0.1,92.989998,0
10/21/2014,16.08,0.1,95.559998,0
10/22/2014,17.870001,0.11,97.169998,0
10/23/2014,16.530001,0.11,97.339996,0
10/24/2014,16.110001,0.11,98.029999,0
10/27/2014,16.040001,0.11,98.43,0
10/28/2014,14.39,0.11,99.150002,0
10/29/2014,15.15,0.11,99.849998,0
10/30/2014,14.52,0.11,99.360001,0
10/31/2014,14.03,0.11,101.68,0
11/3/2014,14.73,0.12,101.580002,0
11/4/2014,14.89,0.11,101.379997,0
11/5/2014,14.17,0.11,102.029999,0
11/6/2014,13.67,0.12,101.360001,0
11/7/2014,13.12,0.12,101.870003,0
11/10/2014,12.67,0.13,101.650002,0
11/11/2014,12.92,0.13,101.980003,0
11/12/2014,13.02,0.14,101.870003,0
11/13/2014,13.79,0.15,102.650002,0
11/14/2014,13.31,0.15,102.870003,0
11/17/2014,13.99,0.15,102.980003,0
11/18/2014,13.86,0.14,103,0
11/19/2014,13.96,0.15,103.57,0
11/20/2014,13.58,0.14,102.769997,0
11/21/2014,12.9,0.14,104.589996,0
11/24/2014,12.62,0.14,104.150002,0
11/25/2014,12.25,0.14,104.839996,0
11/26/2014,12.07,0.14,104.940002,0
11/27/2014,12.07,0.14,104.940002,0
11/28/2014,13.33,0.13,105.800003,0
12/1/2014,14.16,0.13,105.720001,0
12/2/2014,12.85,0.14,104.919998,0
12/3/2014,12.5,0.15,105.389999,0
12/4/2014,12.38,0.14,105.32,0
12/5/2014,11.89,0.18,105.540001,0
12/8/2014,14.21,0.18,105.110001,0
12/9/2014,15.35,0.23,103.410004,0
12/10/2014,18.530001,0.21,104.769997,0
12/11/2014,20.08,0.21,103.610001,0
12/12/2014,21.08,0.19,102.809998,0
12/15/2014,20.42,0.22,103.199997,0
12/16/2014,23.57,0.21,100.970001,0
12/17/2014,19.440001,0.23,100.050003,0
12/18/2014,16.809999,0.25,103.260002,0
12/19/2014,16.49,0.26,103.970001,0.387
12/22/2014,15.25,0.28,104.150002,0
12/23/2014,14.8,0.26,104.959999,0
12/24/2014,14.37,0.26,104.339996,0
12/25/2014,14.37,0.26,104.339996,0
12/26/2014,14.5,0.26,104.599998,0
12/29/2014,15.06,0.25,104.940002,0
12/30/2014,15.92,0.23,104.720001,0
12/31/2014,19.200001,0.25,104.5,0
1/1/2015,19.200001,0.25,104.5,0
1/2/2015,17.790001,0.25,103.760002,0
1/5/2015,19.92,0.26,102.489998,0
1/6/2015,21.120001,0.25,101.580002,0
1/7/2015,19.309999,0.25,100.730003,0
1/8/2015,17.01,0.23,102.220001,0
1/9/2015,17.549999,0.22,103.620003,0
1/12/2015,19.6,0.19,102.82,0
1/13/2015,20.559999,0.2,102.540001,0
1/14/2015,21.48,0.18,100.5,0
1/15/2015,22.389999,0.16,101.43,0
1/16/2015,20.950001,0.17,99.519997,0
1/19/2015,20.950001,0.17,99.519997,0
1/20/2015,19.889999,0.17,101.43,0
1/21/2015,18.85,0.17,101.32,0
1/22/2015,16.4,0.17,102.540001,0
1/23/2015,16.66,0.17,104.019997,0
1/26/2015,15.52,0.18,104.139999,0
1/27/2015,17.219999,0.17,102.5,0
1/28/2015,20.440001,0.17,103.07,0
1/29/2015,18.76,0.17,100.839996,0
1/30/2015,20.969999,0.18,101.800003,0
2/2/2015,19.43,0.17,101.330002,0
2/3/2015,17.33,0.21,102.349998,0
2/4/2015,18.33,0.2,102.540001,0
2/5/2015,16.85,0.2,103.129997,0
2/6/2015,17.290001,0.26,103.919998,0
2/9/2015,18.549999,0.24,102.730003,0
2/10/2015,17.23,0.25,103.370003,0
2/11/2015,16.959999,0.24,104.519997,0
2/12/2015,15.34,0.23,105.459999,0
2/13/2015,14.69,0.23,106.300003,0
2/16/2015,14.69,0.23,106.300003,0
2/17/2015,15.8,0.25,106.910004,0
2/18/2015,15.45,0.23,106.879997,0
2/19/2015,15.29,0.23,107.089996,0
2/20/2015,14.3,0.23,107.620003,0
2/23/2015,14.56,0.22,108.349998,0
2/24/2015,13.69,0.22,108.379997,0
2/25/2015,13.84,0.21,108.440002,0
2/26/2015,13.91,0.22,108.440002,0
2/27/2015,13.34,0.22,108.839996,0
3/2/2015,13.04,0.22,108.610001,0
3/3/2015,13.86,0.26,109.050003,0
3/4/2015,14.23,0.26,108.510002,0
3/5/2015,14.04,0.25,108.730003,0
3/6/2015,15.2,0.27,108.5,0
3/9/2015,15.06,0.27,107.629997,0
3/10/2015,16.690001,0.25,106.949997,0
3/11/2015,16.870001,0.25,105.879997,0
3/12/2015,15.42,0.24,105.029999,0
3/13/2015,16,0.24,105.699997,0
3/16/2015,15.61,0.26,105.730003,0
3/17/2015,15.66,0.27,106.410004,0
3/18/2015,13.97,0.23,106.580002,0
3/19/2015,14.07,0.26,108.029999,0
3/20/2015,13.02,0.24,108.720001,0.248
3/23/2015,13.41,0.24,108.470001,0
3/24/2015,13.62,0.24,108.309998,0
3/25/2015,15.44,0.25,108.099998,0
3/26/2015,15.8,0.28,104.589996,0
3/27/2015,15.07,0.27,105.080002,0
3/30/2015,14.51,0.27,106.160004,0
3/31/2015,15.29,0.26,106.43,0
4/1/2015,15.11,0.27,105.599998,0
4/2/2015,14.67,0.25,105.150002,0
4/3/2015,14.67,0.21,105.150002,0
4/6/2015,14.74,0.21,104.5,0
4/7/2015,14.78,0.22,105.919998,0
4/8/2015,13.98,0.22,105.839996,0
4/9/2015,13.09,0.22,106.589996,0
4/10/2015,12.58,0.24,107.269997,0
4/13/2015,13.94,0.23,107.830002,0
4/14/2015,13.67,0.23,107.370003,0
4/15/2015,12.84,0.23,107.449997,0
4/16/2015,12.6,0.22,107.550003,0
4/17/2015,13.89,0.23,106.660004,0
4/20/2015,13.3,0.24,106.540001,0
4/21/2015,13.25,0.23,108.220001,0
4/22/2015,12.71,0.23,108.339996,0
4/23/2015,12.48,0.24,108.279999,0
4/24/2015,12.29,0.24,110.209999,0
4/27/2015,13.12,0.25,110.949997,0
4/28/2015,12.41,0.24,110.339996,0
4/29/2015,13.39,0.25,109.43,0
4/30/2015,14.55,0.24,108.730003,0
5/1/2015,12.7,0.25,108.050003,0
5/4/2015,12.85,0.25,109.400002,0
5/5/2015,14.31,0.24,108.800003,0
5/6/2015,15.15,0.25,107.639999,0
5/7/2015,15.13,0.24,106.68,0
5/8/2015,12.86,0.23,108.459999,0
5/11/2015,13.85,0.25,108.760002,0
5/12/2015,13.86,0.25,107.629997,0
5/13/2015,13.76,0.24,108.25,0
5/14/2015,12.74,0.23,108.879997,0
5/15/2015,12.38,0.23,109.860001,0
5/18/2015,12.73,0.22,109.400002,0
5/19/2015,12.85,0.23,110.18,0
5/20/2015,12.88,0.23,110.019997,0
5/21/2015,12.11,0.22,109.82,0
5/22/2015,12.13,0.23,110.449997,0
5/25/2015,12.13,0.23,110.449997,0
5/26/2015,14.06,0.24,110.230003,0
5/27/2015,13.27,0.27,109.529999,0
5/28/2015,13.31,0.26,110.75,0
5/29/2015,13.84,0.26,110.639999,0
6/1/2015,13.97,0.26,110.639999,0
6/2/2015,14.24,0.26,110.010002,0
6/3/2015,13.66,0.26,110.57,0
6/4/2015,14.71,0.27,109.779999,0
6/5/2015,14.21,0.29,109.43,0
6/8/2015,15.29,0.27,109.25,0
6/9/2015,14.47,0.27,107.93,0
6/10/2015,13.22,0.28,108.379997,0
6/11/2015,12.85,0.28,109.860001,0
6/12/2015,13.78,0.28,109.07,0
6/15/2015,15.39,0.28,107.940002,0
6/16/2015,14.81,0.28,108.099998,0
6/17/2015,14.5,0.27,108.980003,0
6/18/2015,13.19,0.26,109.5,0
6/19/2015,13.96,0.25,110.489998,0.254
6/22/2015,12.74,0.27,110.699997,0
6/23/2015,12.11,0.3,110.82,0
6/24/2015,13.26,0.3,110.660004,0
6/25/2015,14.01,0.29,110.650002,0
6/26/2015,14.02,0.29,109.980003,0
6/29/2015,18.85,0.27,108.059998,0
6/30/2015,18.23,0.28,107.489998,0
7/1/2015,16.09,0.28,108.129997,0
7/2/2015,16.790001,0.26,108.230003,0
7/3/2015,16.790001,0.26,108.230003,0
7/6/2015,17.01,0.26,107.269997,0
7/7/2015,16.09,0.25,107.82,0
7/8/2015,19.66,0.24,107.199997,0
7/9/2015,19.969999,0.25,107.5,0
7/10/2015,16.83,0.28,107.440002,0
7/13/2015,13.9,0.28,108.580002,0
7/14/2015,13.37,0.27,109.690002,0
7/15/2015,13.23,0.28,110.470001,0
7/16/2015,12.11,0.29,111.290001,0
7/17/2015,11.95,0.29,112.839996,0
7/20/2015,12.25,0.31,113.830002,0
7/21/2015,12.22,0.34,114.019997,0
7/22/2015,12.12,0.34,112.169998,0
7/23/2015,12.64,0.33,112.730003,0
7/24/2015,13.74,0.32,112.800003,0
7/27/2015,15.6,0.32,110.470001,0
7/28/2015,13.44,0.32,110.669998,0
7/29/2015,12.5,0.33,111.370003,0
7/30/2015,12.13,0.36,111.290001,0
7/31/2015,12.12,0.33,112.43,0
8/3/2015,12.56,0.33,111.970001,0
8/4/2015,13,0.37,111.550003,0
8/5/2015,12.51,0.38,112.010002,0
8/6/2015,13.77,0.35,112.349998,0
8/7/2015,13.39,0.38,110.18,0
8/10/2015,12.23,0.4,111.010002,0
8/11/2015,13.71,0.37,110.980003,0
8/12/2015,13.61,0.37,109.379997,0
8/13/2015,13.49,0.4,110.629997,0
8/14/2015,12.83,0.41,110.080002,0
8/17/2015,13.02,0.4,110.239998,0
8/18/2015,13.79,0.42,111.279999,0
8/19/2015,15.25,0.39,110.519997,0
8/20/2015,19.139999,0.39,109.110001,0
8/21/2015,28.030001,0.36,105.57,0
8/24/2015,40.740002,0.33,94.230003,0
8/25/2015,36.02,0.36,102.07,0
8/26/2015,30.32,0.35,100.959999,0
8/27/2015,26.1,0.36,104.519997,0
8/28/2015,26.049999,0.38,105.080002,0
8/31/2015,28.43,0.39,105.029999,0
9/1/2015,31.4,0.39,101.709999,0
9/2/2015,26.09,0.37,102.879997,0
9/3/2015,25.610001,0.36,104.309998,0
9/4/2015,27.799999,0.36,101.970001,0
9/7/2015,27.799999,0.36,101.970001,0
9/8/2015,24.9,0.39,104.120003,0
9/9/2015,26.23,0.39,106.279999,0
9/10/2015,24.370001,0.39,103.739998,0
9/11/2015,23.200001,0.4,104.510002,0
9/14/2015,24.25,0.4,105.959999,0
9/15/2015,22.540001,0.47,105.5,0
9/16/2015,21.35,0.46,106.510002,0
9/17/2015,21.139999,0.39,106.980003,0
9/18/2015,22.280001,0.35,105.230003,0.26
9/21/2015,20.139999,0.36,105.93,0
9/22/2015,22.440001,0.35,104.059998,0
9/23/2015,22.129999,0.34,104.379997,0
9/24/2015,23.469999,0.32,103.169998,0
9/25/2015,23.620001,0.35,104.910004,0
9/28/2015,27.629999,0.34,102.480003,0
9/29/2015,26.83,0.33,100.239998,0
9/30/2015,24.5,0.33,100.889999,0
10/1/2015,22.549999,0.31,101.940002,0
10/2/2015,20.940001,0.25,100.800003,0
10/5/2015,19.540001,0.26,104.779999,0
10/6/2015,19.4,0.26,105.25,0
10/7/2015,18.4,0.27,105.660004,0
10/8/2015,17.42,0.27,105.230003,0
10/9/2015,17.08,0.28,106.099998,0
10/12/2015,16.17,0.28,106.730003,0
10/13/2015,17.67,0.27,106.18,0
10/14/2015,18.030001,0.21,106.099998,0
10/15/2015,16.049999,0.22,106.32,0
10/16/2015,15.05,0.23,107.900002,0
10/19/2015,14.98,0.23,107.980003,0
10/20/2015,15.75,0.23,108.550003,0
10/21/2015,16.700001,0.23,108.730003,0
10/22/2015,14.45,0.23,108.480003,0
10/23/2015,14.46,0.24,112.660004,0
10/26/2015,15.29,0.25,112.699997,0
10/27/2015,15.43,0.29,112.550003,0
10/28/2015,14.33,0.33,113.25,0
10/29/2015,14.61,0.33,113.5,0
10/30/2015,15.07,0.34,113.889999,0
11/2/2015,14.15,0.37,113.629997,0
11/3/2015,14.54,0.39,114.379997,0
11/4/2015,15.51,0.4,115.389999,0
11/5/2015,15.05,0.42,115.120003,0
11/6/2015,14.33,0.47,114.489998,0
11/9/2015,16.52,0.47,114.360001,0
11/10/2015,15.29,0.51,112.970001,0
11/11/2015,16.059999,0.51,113.589996,0
11/12/2015,18.370001,0.51,112.68,0
11/13/2015,20.08,0.5,111.57,0
11/16/2015,18.16,0.5,109.730003,0
11/17/2015,18.84,0.5,111.610001,0
11/18/2015,16.85,0.49,111.940002,0
11/19/2015,16.99,0.49,113.690002,0
11/20/2015,15.47,0.49,114.25,0
11/23/2015,15.62,0.5,114.519997,0
11/24/2015,15.93,0.52,113.410004,0
11/25/2015,15.19,0.52,114.220001,0
11/26/2015,15.19,0.52,114.220001,0
11/27/2015,15.12,0.5,114.400002,0
11/30/2015,16.129999,0.51,114.650002,0
12/1/2015,14.67,0.51,114.480003,0
12/2/2015,15.91,0.52,115.25,0
12/3/2015,18.110001,0.57,114.760002,0
12/4/2015,14.81,0.6,112.849998,0
12/7/2015,15.84,0.67,115.220001,0
12/8/2015,17.6,0.76,113.419998,0
12/9/2015,19.610001,0.72,114.129997,0
12/10/2015,19.34,0.71,113.150002,0
12/11/2015,24.389999,0.68,112.089996,0
12/14/2015,22.73,0.68,110.940002,0
12/15/2015,20.950001,0.69,112.660004,0
12/16/2015,17.860001,0.7,113.07,0
12/17/2015,18.940001,0.69,114.480003,0
12/18/2015,20.700001,0.67,111.629997,0.342
12/21/2015,18.700001,0.64,110.870003,0
12/22/2015,16.6,0.66,111.639999,0
12/23/2015,15.57,0.65,112.360001,0
12/24/2015,15.74,0.64,112.610001,0
12/25/2015,15.74,0.64,112.610001,0
12/28/2015,16.91,0.66,112.32,0
12/29/2015,16.08,0.67,113.199997,0
12/30/2015,17.290001,0.64,114.199997,0
12/31/2015,18.209999,0.65,112.870003,0
1/1/2016,18.209999,0.65,112.870003,0
1/4/2016,20.700001,0.61,109.449997,0
1/5/2016,19.34,0.68,110.040001,0
1/6/2016,20.59,0.67,107.410004,0
1/7/2016,24.99,0.66,105.949997,0
1/8/2016,27.01,0.64,105.629997,0
1/11/2016,24.299999,0.63,104.75,0
1/12/2016,22.469999,0.62,105.330002,0
1/13/2016,25.219999,0.6,105.970001,0
1/14/2016,23.950001,0.55,102.300003,0
1/15/2016,27.02,0.49,100.620003,0
1/18/2016,27.02,0.49,100.620003,0
1/19/2016,26.049999,0.48,102.209999,0
1/20/2016,27.59,0.43,99.470001,0
1/21/2016,26.690001,0.44,101.18,0
1/22/2016,22.34,0.47,102.879997,0
1/25/2016,24.15,0.47,103.400002,0
1/26/2016,22.5,0.47,102.660004,0
1/27/2016,23.110001,0.47,102.550003,0
1/28/2016,22.42,0.47,102.25,0
1/29/2016,20.200001,0.47,101.970001,0
2/1/2016,19.98,0.47,103.629997,0
2/2/2016,21.98,0.54,103.93,0
2/3/2016,21.65,0.54,102.830002,0
2/4/2016,21.84,0.52,101.389999,0
2/5/2016,23.379999,0.55,101.290001,0
2/8/2016,26,0.51,96.290001,0
2/9/2016,26.540001,0.52,95.330002,0
2/10/2016,26.290001,0.52,97.43,0
2/11/2016,28.139999,0.47,95.459999,0
2/12/2016,25.4,0.51,97.639999,0
2/15/2016,25.4,0.51,97.639999,0
2/16/2016,24.110001,0.51,99.470001,0
2/17/2016,22.309999,0.53,100.959999,0
2/18/2016,21.639999,0.53,102.82,0
2/19/2016,20.530001,0.53,100.839996,0
2/22/2016,19.379999,0.55,102.580002,0
2/23/2016,20.98,0.55,102.68,0
2/24/2016,20.719999,0.55,100.389999,0
2/25/2016,19.110001,0.56,102.760002,0
2/26/2016,19.809999,0.6,104.349998,0
2/29/2016,20.549999,0.62,103.330002,0
3/1/2016,17.700001,0.68,103.480003,0
3/2/2016,17.09,0.67,105.660004,0
3/3/2016,16.700001,0.65,105.720001,0
3/4/2016,16.860001,0.67,105.75,0
3/7/2016,17.35,0.67,105.129997,0
3/8/2016,18.67,0.68,104.300003,0
3/9/2016,18.34,0.68,104.540001,0
3/10/2016,18.049999,0.69,105.260002,0
3/11/2016,16.5,0.7,105.790001,0
3/14/2016,16.92,0.7,106.089996,0
3/15/2016,16.84,0.71,106.290001,0
3/16/2016,14.99,0.66,106.370003,0
3/17/2016,14.44,0.64,107.269997,0
3/18/2016,14.02,0.62,107.459999,0.318
3/21/2016,13.79,0.63,107.18,0
3/22/2016,14.17,0.64,107.18,0
3/23/2016,14.94,0.64,107.910004,0
3/24/2016,14.74,0.63,106.709999,0
3/25/2016,14.74,0.63,106.709999,0
3/28/2016,15.24,0.65,107.559998,0
3/29/2016,13.82,0.63,106.910004,0
3/30/2016,13.56,0.61,109.480003,0
3/31/2016,13.95,0.59,109.279999,0
4/1/2016,13.1,0.62,108.540001,0
4/4/2016,14.12,0.59,110.360001,0
4/5/2016,15.42,0.56,109.089996,0
4/6/2016,14.09,0.55,108.989998,0
4/7/2016,16.16,0.52,110.029999,0
4/8/2016,15.36,0.54,109.760002,0
4/11/2016,16.26,0.53,109.470001,0
4/12/2016,14.85,0.54,108.68,0
4/13/2016,13.84,0.55,110.349998,0
4/14/2016,13.72,0.55,110.93,0
4/15/2016,13.62,0.53,110.830002,0
4/18/2016,13.35,0.52,110.32,0
4/19/2016,13.24,0.53,111.440002,0
4/20/2016,13.28,0.54,110.550003,0
4/21/2016,13.95,0.56,110.580002,0
4/22/2016,13.22,0.56,109.209999,0
4/25/2016,14.08,0.57,108.650002,0
4/26/2016,13.96,0.61,109.209999,0
4/27/2016,13.77,0.58,107.339996,0
4/28/2016,15.22,0.56,107.699997,0
4/29/2016,15.7,0.56,106.279999,0
5/2/2016,14.68,0.55,105.989998,0
5/3/2016,15.6,0.53,105.959999,0
5/4/2016,16.049999,0.52,105.089996,0
5/5/2016,15.91,0.51,105.43,0
5/6/2016,14.72,0.51,104.5,0
5/9/2016,14.57,0.51,105.589996,0
5/10/2016,13.63,0.52,106.260002,0
5/11/2016,14.69,0.53,107.169998,0
5/12/2016,14.41,0.54,106.610001,0
5/13/2016,15.04,0.55,105.800003,0
5/16/2016,14.68,0.57,105.660004,0
5/17/2016,15.57,0.58,106.730003,0
5/18/2016,15.95,0.63,105.239998,0
5/19/2016,16.33,0.64,105.449997,0
5/20/2016,15.2,0.67,105.730003,0
5/23/2016,15.82,0.69,106.589996,0
5/24/2016,14.42,0.69,106.919998,0
5/25/2016,13.9,0.67,108.870003,0
5/26/2016,13.43,0.65,109.349998,0
5/27/2016,13.12,0.68,109.629997,0
5/30/2016,13.12,0.68,109.629997,0
5/31/2016,14.19,0.68,110.279999,0
6/1/2016,14.2,0.7,110,0
6/2/2016,13.63,0.68,110.129997,0
6/3/2016,13.47,0.6,110.370003,0
6/6/2016,13.65,0.6,110.260002,0
6/7/2016,14.05,0.59,110.519997,0
6/8/2016,14.08,0.6,110.370003,0
6/9/2016,14.64,0.59,109.919998,0
6/10/2016,17.030001,0.57,109.190002,0
6/13/2016,20.969999,0.55,108.32,0
6/14/2016,20.5,0.55,107.739998,0
6/15/2016,20.139999,0.52,108.290001,0
6/16/2016,19.370001,0.53,107.190002,0
6/17/2016,19.41,0.51,107.529999,0.287
6/20/2016,18.370001,0.56,107.730003,0
6/21/2016,18.48,0.57,107.300003,0
6/22/2016,21.17,0.56,107.559998,0
6/23/2016,17.25,0.58,108.07,0
6/24/2016,25.76,0.48,104.900002,0
6/27/2016,23.85,0.45,103.599998,0
6/28/2016,18.75,0.45,103.349998,0
6/29/2016,16.639999,0.46,105.279999,0
6/30/2016,15.63,0.45,106.489998,0
7/1/2016,14.77,0.45,107.489998,0
7/4/2016,14.77,0.45,107.489998,0
7/5/2016,15.58,0.44,107.510002,0
7/6/2016,14.96,0.46,106.910004,0
7/7/2016,14.76,0.47,108.400002,0
7/8/2016,13.2,0.48,109.199997,0
7/11/2016,13.54,0.5,110.669998,0
7/12/2016,13.55,0.52,111.610001,0
7/13/2016,13.04,0.51,111.75,0
7/14/2016,12.82,0.53,111.959999,0
7/15/2016,12.67,0.52,112.239998,0
7/18/2016,12.44,0.52,111.870003,0
7/19/2016,11.97,0.56,112.150002,0
7/20/2016,11.77,0.56,112.739998,0
7/21/2016,12.74,0.54,113.519997,0
7/22/2016,12.02,0.55,113.260002,0
7/25/2016,12.87,0.55,113.559998,0
7/26/2016,13.05,0.55,113.620003,0
7/27/2016,12.83,0.53,114.75,0
7/28/2016,12.72,0.53,114.760002,0
7/29/2016,11.87,0.5,115.239998,0
8/1/2016,12.44,0.5,115.309998,0
8/2/2016,13.37,0.5,115.669998,0
8/3/2016,12.86,0.53,114.870003,0
8/4/2016,12.42,0.51,115.300003,0
8/5/2016,11.39,0.56,116.260002,0
8/8/2016,11.5,0.57,116.839996,0
8/9/2016,11.66,0.55,116.739998,0
8/10/2016,12.05,0.55,116.989998,0
8/11/2016,11.68,0.55,117.019997,0
8/12/2016,11.55,0.56,116.919998,0
8/15/2016,11.81,0.56,117.349998,0
8/16/2016,12.64,0.5394,117.480003,0
8/17/2016,12.19,0.5753,117.080002,0
8/18/2016,11.43,0.5651,117.150002,0
8/19/2016,11.34,0.5804,117.080002,0
8/22/2016,12.27,0.5804,117.089996,0
8/23/2016,12.38,0.5804,117.809998,0
8/24/2016,13.45,0.5753,117.480003,0
8/25/2016,13.63,0.5753,116.5,0
8/26/2016,13.65,0.6008,116.650002,0
8/29/2016,12.94,0.5957,116.809998,0
8/30/2016,13.12,0.5906,116.75,0
8/31/2016,13.42,0.5906,116.379997,0
9/1/2016,13.48,0.5854,116.480003,0
9/2/2016,11.98,0.5803,117.32,0
9/5/2016,11.98,0.5803,117.32,0
9/6/2016,12.02,0.5496,117.32,0
9/7/2016,11.94,0.5496,117.959999,0
9/8/2016,12.51,0.5649,117.57,0
9/9/2016,17.5,0.5598,116.25,0
9/12/2016,15.16,0.5547,113.639999,0
9/13/2016,17.85,0.57,115.75,0
9/14/2016,18.139999,0.6111,115.410004,0
9/15/2016,16.299999,0.5958,115.870003,0
9/16/2016,15.37,0.6009,117.220001,0.294
9/19/2016,15.53,0.606,117.589996,0
9/20/2016,15.92,0.606,117.199997,0
9/21/2016,13.3,0.6008,117.5,0
9/22/2016,12.02,0.5804,118.839996,0
9/23/2016,12.29,0.5752,119,0
9/26/2016,14.5,0.5701,117.660004,0
9/27/2016,13.1,0.5701,117.260002,0
9/28/2016,12.39,0.5803,118.650002,0
9/29/2016,14.02,0.5701,118.5,0
9/30/2016,13.29,0.5854,118.150002,0
10/3/2016,13.57,0.6059,118.57,0
10/4/2016,13.63,0.6263,118.900002,0
10/5/2016,12.99,0.6263,118.720001,0
10/6/2016,12.84,0.6314,118.639999,0
10/7/2016,13.48,0.6314,118.839996,0
10/10/2016,13.38,0.6314,119.080002,0
10/11/2016,15.36,0.6416,119.120003,0
10/12/2016,15.91,0.6777,117.629997,0
10/13/2016,16.690001,0.652,116.620003,0
10/14/2016,16.120001,0.6571,117.580002,0
10/17/2016,16.209999,0.6418,117.040001,0
10/18/2016,15.28,0.6418,118.209999,0
10/19/2016,14.41,0.6315,117.769997,0
10/20/2016,13.75,0.6469,117.730003,0
10/21/2016,13.34,0.6417,117.800003,0
10/24/2016,13.02,0.6468,118.910004,0
10/25/2016,13.46,0.6519,119.639999,0
10/26/2016,14.24,0.6468,118.419998,0
10/27/2016,15.36,0.6519,118.889999,0
10/28/2016,16.190001,0.6417,117.5,0
10/31/2016,17.059999,0.6417,117.529999,0
11/1/2016,18.559999,0.6365,117.190002,0
11/2/2016,19.32,0.6263,116.029999,0
11/3/2016,22.08,0.6212,114.989998,0
11/4/2016,22.51,0.6007,113.769997,0
11/7/2016,18.709999,0.6109,115.489998,0
11/8/2016,18.74,0.6416,116.230003,0
11/9/2016,14.38,0.7084,115.739998,0
11/10/2016,14.74,0.7186,118.220001,0
11/11/2016,14.17,0.7186,115.25,0
11/14/2016,14.48,0.7647,115.830002,0
11/15/2016,13.37,0.7544,115.5,0
11/16/2016,13.72,0.7391,115.669998,0
11/17/2016,13.35,0.7595,116.849998,0
11/18/2016,12.85,0.7544,117.900002,0
11/21/2016,12.42,0.7595,117.610001,0
11/22/2016,12.41,0.7595,119.010002,0
11/23/2016,12.43,0.7697,118.510002,0
11/24/2016,12.43,0.7697,118.510002,0
11/25/2016,12.34,0.7799,118.559998,0
11/28/2016,13.15,0.7697,118.650002,0
11/29/2016,12.9,0.7645,118.639999,0
11/30/2016,13.33,0.7748,119.089996,0
12/1/2016,14.07,0.7799,117.459999,0
12/2/2016,14.12,0.7696,115.540001,0
12/5/2016,12.14,0.7901,116.300003,0
12/6/2016,11.79,0.785,116.93,0
12/7/2016,12.22,0.8315,116.639999,0
12/8/2016,12.64,0.8366,118.410004,0
12/9/2016,11.75,0.8468,119.010002,0
12/12/2016,12.64,0.8468,118.970001,0
12/13/2016,12.72,0.8673,119.32,0
12/14/2016,13.19,0.9084,120.610001,0
12/15/2016,12.79,0.8878,120.370003,0
12/16/2016,12.2,0.8826,120.339996,0.355
12/19/2016,11.71,0.8775,119.720001,0
12/20/2016,11.45,0.8775,120.470001,0
12/21/2016,11.27,0.8569,120.599998,0
12/22/2016,11.43,0.8518,120.470001,0
12/23/2016,11.44,0.8517,119.919998,0
12/26/2016,11.44,0.8517,119.919998,0
12/27/2016,11.99,0.8568,120.459999,0
12/28/2016,12.95,0.8517,121.080002,0
12/29/2016,13.37,0.8158,119.849998,0
12/30/2016,14.04,0.8106,119.940002,0
1/2/2017,14.04,0.8106,119.940002,0
1/3/2017,12.85,0.826,119.269997,0
1/4/2017,11.85,0.8623,119.669998,0
1/5/2017,11.67,0.8212,120.099998,0
1/6/2017,11.32,0.8314,121,0
1/9/2017,11.56,0.8057,122.029999,0
1/10/2017,11.49,0.8006,122.379997,0
1/11/2017,11.26,0.8057,122.650002,0
1/12/2017,11.54,0.7954,122.489998,0
1/13/2017,11.23,0.7954,122.800003,0
1/16/2017,11.23,0.7954,122.800003,0
1/17/2017,11.87,0.78,122.839996,0
1/18/2017,12.48,0.8056,122.970001,0
1/19/2017,12.78,0.8005,123.220001,0
1/20/2017,11.54,0.7902,123.519997,0
1/23/2017,11.77,0.7645,123.169998,0
1/24/2017,11.07,0.7799,123.589996,0
1/25/2017,10.81,0.785,124.959999,0
1/26/2017,10.63,0.785,125.599998,0
1/27/2017,10.58,0.785,125.830002,0
1/30/2017,11.88,0.7747,125.379997,0
1/31/2017,11.99,0.7593,124.379997,0
2/1/2017,11.81,0.8212,125.449997,0
2/2/2017,11.93,0.8109,125.209999,0
2/3/2017,10.97,0.8006,125.449997,0
2/6/2017,11.37,0.7801,125.470001,0
2/7/2017,11.29,0.7801,126.089996,0
2/8/2017,11.45,0.7749,126.120003,0
2/9/2017,10.88,0.7852,126.629997,0
2/10/2017,10.85,0.7903,127.239998,0
2/13/2017,11.07,0.8005,127.769997,0
2/14/2017,10.74,0.821,128.149994,0
2/15/2017,11.97,0.8261,128.440002,0
2/16/2017,11.76,0.7953,129.369995,0
2/17/2017,11.49,0.7953,129.059998,0
2/20/2017,11.49,0.7953,129.059998,0
2/21/2017,11.57,0.7953,130.059998,0
2/22/2017,11.74,0.7953,130.330002,0
2/23/2017,11.71,0.7799,130.699997,0
2/24/2017,11.47,0.7747,129.419998,0
2/27/2017,12.09,0.7747,130.020004,0
2/28/2017,12.92,0.8208,130.389999,0
3/1/2017,12.54,0.9136,130.850006,0
3/2/2017,11.81,0.9599,131.410004,0
3/3/2017,10.96,0.9598,130.690002,0
3/6/2017,11.24,0.965,130.589996,0
3/7/2017,11.45,0.9958,130.470001,0
3/8/2017,11.86,1.0163,130.589996,0
3/9/2017,12.3,1.0318,130.710007,0
3/10/2017,11.66,1.0266,131.440002,0
3/13/2017,11.35,1.0471,131.339996,0
3/14/2017,12.3,1.0368,131.309998,0
3/15/2017,11.63,1.0008,131.559998,0
3/16/2017,11.21,0.9853,132.350006,0
3/17/2017,11.28,0.9801,131.899994,0.274
3/20/2017,11.34,0.9801,131.649994,0
3/21/2017,12.47,0.9698,132.309998,0
3/22/2017,12.81,0.9647,129.850006,0
3/23/2017,13.12,0.9595,130.520004,0
3/24/2017,12.96,0.9646,130.779999,0
3/27/2017,12.5,0.9748,129.699997,0
3/28/2017,11.53,1.0108,130.839996,0
3/29/2017,11.42,1.0319,131.729996,0
3/30/2017,11.54,1.0216,132.199997,0
3/31/2017,12.37,1.0164,132.279999,0
4/3/2017,12.38,1.0061,132.490005,0
4/4/2017,11.79,1.0215,131.919998,0
4/5/2017,12.89,1.0163,132.699997,0
4/6/2017,12.39,1.0266,132.100006,0
4/7/2017,12.87,1.0574,132,0
4/10/2017,14.05,1.0523,132.100006,0
4/11/2017,15.07,1.0368,131.899994,0
4/12/2017,15.77,1.0162,131.429993,0
4/13/2017,15.96,1.011,130.740005,0
4/14/2017,15.96,1.011,130.740005,0
4/17/2017,14.66,1.0161,130.770004,0
4/18/2017,14.42,1.0007,131.039993,0
4/19/2017,14.93,1.0006,131.850006,0
4/20/2017,14.15,0.9903,132.020004,0
4/21/2017,14.63,0.9749,132.710007,0
4/24/2017,10.84,1.0057,134.029999,0
4/25/2017,10.76,1.0262,134.600006,0
4/26/2017,10.85,1.0628,135.179993,0
4/27/2017,10.36,1.0525,135.270004,0
4/28/2017,10.82,1.0576,136.289993,0
5/1/2017,10.11,1.073,136.440002,0
5/2/2017,10.59,1.0678,137.369995,0
5/3/2017,10.68,1.0833,137.119995,0
5/4/2017,10.46,1.0935,136.970001,0
5/5/2017,10.57,1.0935,137.389999,0
5/8/2017,9.77,1.1089,137.610001,0
5/9/2017,9.96,1.1192,138.050003,0
5/10/2017,10.21,1.1192,138.399994,0
5/11/2017,10.6,1.1191,138.020004,0
5/12/2017,10.4,1.1036,138.350006,0
5/15/2017,10.42,1.1036,138.660004,0
5/16/2017,10.65,1.0984,139.399994,0
5/17/2017,15.59,1.0726,138.509995,0
5/18/2017,14.66,1.0726,136.020004,0
5/19/2017,12.04,1.088,137.75,0
5/22/2017,10.93,1.0983,138.149994,0
5/23/2017,10.72,1.124,139.410004,0
5/24/2017,10.02,1.1504,139.559998,0
5/25/2017,9.99,1.1504,140.309998,0
5/26/2017,9.81,1.1452,141,0
5/29/2017,9.81,1.1452,141,0
5/30/2017,10.38,1.1451,141.149994,0
5/31/2017,10.41,1.1503,141.839996,0
6/1/2017,9.89,1.1451,141.580002,0
6/2/2017,9.75,1.1502,142.339996,0
6/5/2017,10.07,1.1553,143.449997,0
6/6/2017,10.45,1.1449,143.259995,0
6/7/2017,10.39,1.1655,143.259995,0
6/8/2017,10.16,1.1707,143.740005,0
6/9/2017,10.7,1.186,143.740005,0
6/12/2017,11.46,1.1963,138.800003,0
6/13/2017,10.42,1.2015,140.009995,0
6/14/2017,10.64,1.186,140.929993,0
6/15/2017,10.9,1.1962,138.339996,0
6/16/2017,10.38,1.1859,138.679993,0.378
6/19/2017,10.37,1.2013,139.490005,0
6/20/2017,10.86,1.2064,140.320007,0
6/21/2017,10.75,1.2124,139.679993,0
6/22/2017,10.48,1.2072,140.960007,0
6/23/2017,10.02,1.2019,140.539993,0
6/26/2017,9.9,1.1967,142.050003,0
6/27/2017,11.06,1.207,140.050003,0
6/28/2017,10.03,1.2018,138.539993,0
6/29/2017,11.44,1.2173,139.440002,0
6/30/2017,11.18,1.2275,137.979996,0
7/3/2017,11.22,1.2429,138.270004,0
7/4/2017,11.22,1.2429,138.270004,0
7/5/2017,11.07,1.2274,136.619995,0
7/6/2017,12.54,1.2171,136.479996,0
7/7/2017,11.19,1.2067,136.75,0
7/10/2017,11.11,1.2066,137.850006,0
7/11/2017,10.89,1.1963,138.460007,0
7/12/2017,10.3,1.1911,140.240005,0
7/13/2017,9.9,1.2014,140.869995,0
7/14/2017,9.51,1.1962,141.639999,0
7/17/2017,9.82,1.1961,142.270004,0
7/18/2017,9.89,1.191,142.089996,0
7/19/2017,9.79,1.2175,143.559998,0
7/20/2017,9.58,1.2072,144.350006,0
7/21/2017,9.36,1.2071,143.639999,0
7/24/2017,9.43,1.2174,144.089996,0
7/25/2017,9.43,1.2277,144.289993,0
7/26/2017,9.6,1.2173,144.759995,0
7/27/2017,10.11,1.2173,145.820007,0
7/28/2017,10.29,1.2069,143.100006,0
7/31/2017,10.26,1.212,144.25,0
8/1/2017,10.09,1.2068,143.720001,0
8/2/2017,10.28,1.2119,144.490005,0
8/3/2017,10.44,1.2106,144.089996,0
8/4/2017,10.03,1.2183,143.710007,0
8/7/2017,9.93,1.2208,143.910004,0
8/8/2017,10.96,1.2221,144.279999,0
8/9/2017,11.11,1.2027,143.119995,0
8/10/2017,16.040001,1.2014,143.300003,0
8/11/2017,15.51,1.1949,141.220001,0
8/14/2017,12.33,1.2052,143.229996,0
8/15/2017,12.04,1.227,144.289993,0
8/16/2017,11.74,1.2382,144.389999,0
8/17/2017,15.55,1.2227,143.720001,0
8/18/2017,14.26,1.2226,141.410004,0
8/21/2017,13.19,1.2148,141.220001,0
8/22/2017,11.35,1.2277,141.809998,0
8/23/2017,12.25,1.2173,142.479996,0
8/24/2017,12.23,1.2289,143.009995,0
8/25/2017,11.28,1.2249,142.820007,0
8/28/2017,11.32,1.2288,142.399994,0
8/29/2017,11.7,1.2158,141.190002,0
8/30/2017,11.22,1.2184,143.089996,0
8/31/2017,10.59,1.2171,145.059998,0
9/1/2017,10.13,1.2221,146.389999,0
9/4/2017,10.13,1.2221,146.389999,0
9/5/2017,12.23,1.2092,145.570007,0
9/6/2017,11.63,1.2272,145.059998,0
9/7/2017,11.55,1.2001,145.399994,0
9/8/2017,12.12,1.1975,145.279999,0
9/11/2017,10.73,1.2245,145.339996,0
9/12/2017,10.58,1.2206,146.279999,0
9/13/2017,10.5,1.264,145.970001,0
9/14/2017,10.44,1.2769,145.850006,0
9/15/2017,10.17,1.2897,145.529999,0
9/18/2017,10.15,1.2948,145.910004,0.319
9/19/2017,10.18,1.2922,145.809998,0
9/20/2017,9.78,1.2948,145.75,0
9/21/2017,9.67,1.2999,145.25,0
9/22/2017,9.59,1.2946,144,0
9/25/2017,10.21,1.2843,143.75,0
9/26/2017,10.17,1.292,143.529999,0
9/27/2017,9.87,1.3023,143.929993,0
9/28/2017,9.55,1.2868,144.110001,0
9/29/2017,9.51,1.2892,144.699997,0
10/2/2017,9.45,1.2866,145.669998,0
10/3/2017,9.51,1.2866,145.770004,0
10/4/2017,9.63,1.3098,145.610001,0
10/5/2017,9.19,1.333,146.559998,0
10/6/2017,9.65,1.3329,146.960007,0
10/9/2017,10.33,1.3329,147.850006,0
10/10/2017,10.08,1.3586,147.990005,0
10/11/2017,9.85,1.3985,147.529999,0
10/12/2017,9.91,1.3958,147.820007,0
10/13/2017,9.61,1.3879,148.369995,0
10/16/2017,9.91,1.4034,148.710007,0
10/17/2017,10.31,1.3982,148.800003,0
10/18/2017,10.07,1.4059,149.190002,0
10/19/2017,10.05,1.3955,147.990005,0
10/20/2017,9.97,1.4135,148.910004,0
10/23/2017,11.07,1.4031,149.020004,0
10/24/2017,11.16,1.4135,148.029999,0
10/25/2017,11.23,1.4134,147.699997,0
10/26/2017,11.3,1.4185,147.339996,0
10/27/2017,9.8,1.4055,149.429993,0
10/30/2017,10.5,1.408,151.130005,0
10/31/2017,10.18,1.4209,152.070007,0
11/1/2017,10.2,1.4312,152.759995,0
11/2/2017,9.93,1.4338,151.929993,0
11/3/2017,9.14,1.4569,152.360001,0
11/6/2017,9.4,1.4776,153.149994,0
11/7/2017,9.89,1.4879,153.669998,0
11/8/2017,9.78,1.5202,153.800003,0
11/9/2017,10.5,1.515,153.229996,0
11/10/2017,11.29,1.5278,153.330002,0
11/13/2017,11.5,1.5381,153.100006,0
11/14/2017,11.59,1.5458,153.330002,0
11/15/2017,13.13,1.538,152.649994,0
11/16/2017,11.76,1.59,153.360001,0
11/17/2017,11.43,1.6,154.580002,0
11/20/2017,10.65,1.62,154.059998,0
11/21/2017,9.73,1.62,154.559998,0
11/22/2017,9.88,1.61,155.639999,0
11/23/2017,9.88,1.61,155.639999,0
11/24/2017,9.67,1.61,155.850006,0
11/27/2017,9.87,1.62,156.210007,0
11/28/2017,10.03,1.61,156.539993,0
11/29/2017,10.7,1.61,156.410004,0
11/30/2017,11.28,1.62,154.509995,0
12/1/2017,11.43,1.62,154.199997,0
12/4/2017,11.68,1.66,155.460007,0
12/5/2017,11.33,1.64,152.679993,0
12/6/2017,11.02,1.68,152.240005,0
12/7/2017,10.16,1.67,153.490005,0
12/8/2017,9.58,1.65,155.149994,0
12/11/2017,9.34,1.69,154.770004,0
12/12/2017,9.92,1.7,155.830002,0
12/13/2017,10.18,1.68,156.320007,0
12/14/2017,10.49,1.7,156.259995,0
12/15/2017,9.42,1.71,156.490005,0
12/18/2017,9.53,1.7,158.360001,0.329
12/19/2017,10.03,1.71,158.339996,0
12/20/2017,9.72,1.72,158.25,0
12/21/2017,9.62,1.73,157.75,0
12/22/2017,9.9,1.73,157.309998,0
12/25/2017,9.9,1.73,157.309998,0
12/26/2017,10.25,1.75,156.490005,0
12/27/2017,10.47,1.75,156.529999,0
12/28/2017,10.18,1.76,157.039993,0
12/29/2017,11.04,1.76,156.869995,0
1/1/2018,11.04,1.76,156.869995,0
1/2/2018,9.77,1.83,156.559998,0
1/3/2018,9.15,1.81,158.639999,0
1/4/2018,9.22,1.82,160.580002,0
1/5/2018,9.22,1.8,161.070007,0
1/8/2018,9.52,1.79,161.919998,0
1/9/2018,10.08,1.78,162.869995,0
1/10/2018,9.82,1.78,161.839996,0
1/11/2018,9.88,1.77,162.460007,0
1/12/2018,10.16,1.78,163.149994,0
1/15/2018,10.16,1.78,163.149994,0
1/16/2018,11.66,1.79,165.580002,0
1/17/2018,11.91,1.79,164.800003,0
1/18/2018,12.22,1.79,165.529999,0
1/19/2018,11.27,1.79,166.309998,0
1/22/2018,11.03,1.79,166.279999,0
1/23/2018,11.1,1.78,168.639999,0
1/24/2018,11.47,1.79,169.869995,0
1/25/2018,11.58,1.8,169.570007,0
1/26/2018,11.08,1.8,169.289993,0
1/29/2018,13.84,1.8,170.570007,0
1/30/2018,14.79,1.88,168.550003,0
1/31/2018,13.54,1.9,169.649994,0
2/1/2018,13.47,1.89,168.100006,0
2/2/2018,17.309999,1.88,167.300003,0
2/5/2018,37.32,1.85,163.070007,0
2/6/2018,29.98,1.87,155.809998,0
2/7/2018,27.73,1.91,161.789993,0
2/8/2018,33.459999,1.91,160.619995,0
2/9/2018,29.059999,1.89,155.619995,0
2/12/2018,25.610001,1.93,157.699997,0
2/13/2018,24.969999,1.95,157.960007,0
2/14/2018,19.26,1.98,158.75,0
2/15/2018,19.129999,1.99,164.139999,0
2/16/2018,19.459999,2,165.160004,0
2/19/2018,19.459999,2,165.160004,0
2/20/2018,20.6,2.01,164.380005,0
2/21/2018,20.02,2.03,166.100006,0
2/22/2018,18.719999,2.02,165.539993,0
2/23/2018,16.49,2.02,166.130005,0
2/26/2018,15.8,2.03,168.960007,0
2/27/2018,18.59,2.08,170.449997,0
2/28/2018,19.85,2.07,169.25,0
3/1/2018,22.469999,2.05,167.300003,0
3/2/2018,19.59,2.06,162.5,0
3/5/2018,18.73,2.06,165.210007,0
3/6/2018,18.360001,2.06,168.649994,0
3/7/2018,17.76,2.05,167.25,0
3/8/2018,16.540001,2.05,169.630005,0
3/9/2018,14.64,2.03,171.070007,0
3/12/2018,15.78,2.05,173.669998,0
3/13/2018,16.35,2.03,174.479996,0
3/14/2018,17.23,2.05,172.610001,0
3/15/2018,16.59,2.07,171.800003,0
3/16/2018,15.8,2.08,171.820007,0
3/19/2018,19.02,2.08,169.100006,0.277
3/20/2018,18.200001,2.08,167.169998,0
3/21/2018,17.860001,2.06,167.210007,0
3/22/2018,23.34,2.05,164.610001,0
3/23/2018,24.870001,2.04,162.610001,0
3/26/2018,21.030001,2.06,161.720001,0
3/27/2018,22.5,2.1,165.619995,0
3/28/2018,22.870001,2.12,158.169998,0
3/29/2018,19.969999,2.09,158.100006,0
3/30/2018,19.969999,2.09,158.100006,0
4/2/2018,23.620001,2.08,158.990005,0
4/3/2018,21.1,2.09,156.869995,0
4/4/2018,20.059999,2.07,154.220001,0
4/5/2018,18.940001,2.07,161.330002,0
4/6/2018,21.49,2.06,158.880005,0
4/9/2018,21.77,2.08,157.979996,0
4/10/2018,20.469999,2.09,160.210007,0
4/11/2018,20.24,2.09,160.199997,0
4/12/2018,18.49,2.11,161.25,0
4/13/2018,17.41,2.12,163.020004,0
4/16/2018,16.559999,2.12,162.5,0
4/17/2018,15.25,2.16,164.240005,0
4/18/2018,15.6,2.17,166.100006,0
4/19/2018,15.96,2.21,165.600006,0
4/20/2018,16.879999,2.22,164.490005,0
4/23/2018,16.34,2.25,163.089996,0
4/24/2018,18.02,2.25,162.660004,0
4/25/2018,17.84,2.26,158.740005,0
4/26/2018,16.24,2.25,160.699997,0
4/27/2018,15.41,2.24,164.369995,0
4/30/2018,15.93,2.24,162.470001,0
5/1/2018,15.49,2.26,160.520004,0
5/2/2018,15.97,2.24,163.059998,0
5/3/2018,15.9,2.24,161,0
5/4/2018,14.77,2.24,161.100006,0
5/7/2018,14.75,2.25,165.639999,0
5/8/2018,14.71,2.26,165.889999,0
5/9/2018,13.42,2.27,166.369995,0
5/10/2018,13.23,2.27,168.419998,0
5/11/2018,12.65,2.28,169.419998,0
5/14/2018,12.93,2.28,169.850006,0
5/15/2018,14.63,2.31,168.410004,0
5/16/2018,13.42,2.32,168.089996,0
5/17/2018,13.43,2.32,168.389999,0
5/18/2018,13.42,2.32,167.679993,0
5/21/2018,13.08,2.35,168.759995,0
5/22/2018,13.22,2.34,169.169998,0
5/23/2018,12.58,2.29,166.899994,0
5/24/2018,12.53,2.28,169.550003,0
5/25/2018,13.22,2.27,169.529999,0
5/28/2018,13.22,2.27,169.529999,0
5/29/2018,17.02,2.17,168.949997,0
5/30/2018,14.94,2.23,169.580002,0
5/31/2018,15.43,2.23,170.179993,0
6/1/2018,13.46,2.28,170.919998,0
6/4/2018,12.74,2.3,173.179993,0
6/5/2018,12.4,2.32,174.710007,0
6/6/2018,11.64,2.32,175.020004,0
6/7/2018,12.13,2.31,175.889999,0
6/8/2018,12.18,2.3,173.610001,0
6/11/2018,12.35,2.32,174.309998,0
6/12/2018,12.34,2.31,175.149994,0
6/13/2018,12.94,2.35,176.100006,0
6/14/2018,12.12,2.35,176.630005,0
6/15/2018,11.98,2.35,176.929993,0
6/18/2018,12.31,2.35,175.490005,0.378
6/19/2018,13.35,2.34,174.270004,0
6/20/2018,12.79,2.36,176.809998,0
6/21/2018,14.64,2.34,177.699997,0
6/22/2018,13.77,2.33,176.300003,0
6/25/2018,17.33,2.34,173.729996,0
6/26/2018,15.92,2.33,172,0
6/27/2018,17.91,2.33,172.800003,0
6/28/2018,16.85,2.33,169.520004,0
6/29/2018,16.09,2.33,172.009995,0
7/2/2018,15.6,2.34,170.039993,0
7/3/2018,16.139999,2.33,173.449997,0
7/4/2018,16.139999,2.33,173.449997,0
7/5/2018,14.97,2.32,171.910004,0
7/6/2018,13.37,2.34,173.320007,0
7/9/2018,12.69,2.34,176.520004,0
7/10/2018,12.64,2.36,177.520004,0
7/11/2018,13.63,2.36,175.929993,0
7/12/2018,12.58,2.39,177.199997,0
7/13/2018,12.18,2.37,179.449997,0
7/16/2018,12.83,2.39,179.649994,0
7/17/2018,12.06,2.39,177.279999,0
7/18/2018,12.1,2.43,180.289993,0
7/19/2018,12.87,2.4,179.279999,0
7/20/2018,12.86,2.41,179.570007,0
7/23/2018,12.62,2.42,178.460007,0
7/24/2018,12.41,2.42,181.410004,0
7/25/2018,12.29,2.42,180.380005,0
7/26/2018,12.14,2.41,180.339996,0
7/27/2018,13.03,2.43,181.190002,0
7/30/2018,14.26,2.43,177.630005,0
7/31/2018,12.83,2.44,175.800003,0
8/1/2018,13.15,2.45,176.860001,0
8/2/2018,12.19,2.45,175.869995,0
8/3/2018,11.64,2.43,179.869995,0
8/6/2018,11.27,2.44,179.960007,0
8/7/2018,10.93,2.45,181.649994,0
8/8/2018,10.85,2.44,181.550003,0
8/9/2018,11.27,2.44,181.910004,0
8/10/2018,13.16,2.42,180.679993,0
8/13/2018,14.78,2.42,180.850006,0
8/14/2018,13.31,2.44,181.009995,0
8/15/2018,14.64,2.45,180.009995,0
8/16/2018,13.45,2.45,180.610001,0
8/17/2018,12.64,2.44,179.350006,0
8/20/2018,12.49,2.43,180.259995,0
8/21/2018,12.86,2.45,180.240005,0
8/22/2018,12.25,2.43,179.979996,0
8/23/2018,12.41,2.43,180.740005,0
8/24/2018,11.99,2.44,181.399994,0
8/27/2018,12.16,2.47,183.399994,0
8/28/2018,12.5,2.47,184.830002,0
8/29/2018,12.25,2.48,184.929993,0
8/30/2018,13.53,2.47,186.380005,0
8/31/2018,12.86,2.46,186.179993,0
9/3/2018,12.86,2.46,186.179993,0
9/4/2018,13.16,2.49,186.080002,0
9/5/2018,13.91,2.49,185.520004,0
9/6/2018,14.65,2.5,183.529999,0
9/7/2018,14.88,2.53,180.5,0
9/10/2018,14.16,2.54,182.149994,0
9/11/2018,13.22,2.55,180.990005,0
9/12/2018,13.14,2.56,182.850006,0
9/13/2018,12.37,2.55,183.720001,0
9/14/2018,12.07,2.56,184.660004,0
9/17/2018,13.68,2.57,183.679993,0
9/18/2018,12.79,2.58,181.490005,0
9/19/2018,11.75,2.58,182.869995,0
9/20/2018,11.8,2.58,183.960007,0
9/21/2018,11.68,2.58,185.220001,0
9/24/2018,12.2,2.6,182.050003,0.33
9/25/2018,12.42,2.59,183.809998,0
9/26/2018,12.89,2.58,184.300003,0
9/27/2018,12.41,2.58,185.020004,0
9/28/2018,12.12,2.59,185.309998,0
10/1/2018,12,2.6,186.869995,0
10/2/2018,12.05,2.61,186.009995,0
10/3/2018,11.61,2.62,186.529999,0
10/4/2018,14.22,2.63,185.199997,0
10/5/2018,14.82,2.64,182.360001,0
10/8/2018,15.69,2.64,179.520004,0
10/9/2018,15.95,2.65,179.179993,0
10/10/2018,22.959999,2.67,178.509995,0
10/11/2018,24.98,2.66,171.020004,0
10/12/2018,21.309999,2.66,174.169998,0
10/15/2018,21.299999,2.67,173.710007,0
10/16/2018,17.620001,2.66,174.020004,0
10/17/2018,17.4,2.66,178.080002,0
10/18/2018,20.059999,2.67,176.619995,0
10/19/2018,19.889999,2.67,174.580002,0
10/22/2018,19.639999,2.68,174.059998,0
10/23/2018,20.709999,2.67,170.639999,0
10/24/2018,25.23,2.64,173.070007,0
10/25/2018,24.219999,2.66,167.910004,0
10/26/2018,24.16,2.63,165.199997,0
10/29/2018,24.700001,2.64,169.210007,0
10/30/2018,23.35,2.66,162.75,0
10/31/2018,21.23,2.69,168.619995,0
11/1/2018,19.34,2.67,170.070007,0
11/2/2018,19.51,2.7,171.529999,0
11/5/2018,19.959999,2.71,169.600006,0
11/6/2018,19.91,2.72,168.970001,0
11/7/2018,16.360001,2.74,172.279999,0
11/8/2018,16.719999,2.74,174.759995,0
11/9/2018,17.360001,2.73,172.830002,0
11/12/2018,20.450001,2.73,170.320007,0
11/13/2018,20.02,2.72,167.110001,0
11/14/2018,21.25,2.71,168.119995,0
11/15/2018,19.98,2.7,164.899994,0
11/16/2018,18.139999,2.68,166.449997,0
11/19/2018,20.1,2.66,166.699997,0
11/20/2018,22.48,2.67,158.369995,0
11/21/2018,20.799999,2.67,161.350006,0
11/22/2018,20.799999,2.67,161.350006,0
11/23/2018,21.52,2.67,159.089996,0
11/26/2018,18.9,2.7,161.440002,0
11/27/2018,19.02,2.7,162,0
11/28/2018,18.49,2.69,164.619995,0
11/29/2018,18.790001,2.69,167.990005,0
11/30/2018,18.07,2.7,168.380005,0
12/3/2018,16.440001,2.72,173.110001,0
12/4/2018,20.74,2.71,171.429993,0
12/5/2018,20.74,2.71,171.429993,0
12/6/2018,21.190001,2.7,162.380005,0
12/7/2018,23.23,2.68,166.160004,0
12/10/2018,22.639999,2.69,161.080002,0
12/11/2018,21.76,2.7,165.729996,0
12/12/2018,21.459999,2.7,166,0
12/13/2018,20.65,2.69,166.130005,0
12/14/2018,21.629999,2.68,163.210007,0
12/17/2018,24.52,2.66,160.389999,0
12/18/2018,25.58,2.64,158.649994,0
12/19/2018,25.58,2.62,158.179993,0
12/20/2018,28.379999,2.64,154.149994,0
12/21/2018,30.110001,2.62,153.050003,0
12/24/2018,36.07,2.61,146.080002,0.421
12/25/2018,36.07,2.61,146.080002,0
12/26/2018,30.41,2.61,145.080002,0
12/27/2018,29.959999,2.58,150.369995,0
12/28/2018,28.34,2.57,154.149994,0
12/31/2018,25.42,2.63,154.470001,0
1/1/2019,25.42,2.63,154.470001,0
1/2/2019,23.219999,2.6,150.990005,0
1/3/2019,25.450001,2.5,152.600006,0
1/4/2019,21.379999,2.57,152.339996,0
1/7/2019,21.4,2.58,156.619995,0
1/8/2019,20.469999,2.6,159.539993,0
1/9/2019,19.98,2.59,160.139999,0
1/10/2019,19.5,2.59,159.600006,0
1/11/2019,18.190001,2.58,160.330002,0
1/14/2019,19.07,2.57,159.330002,0
1/15/2019,18.6,2.57,160,0
1/16/2019,19.040001,2.57,162.649994,0
1/17/2019,18.059999,2.57,161.830002,0
1/18/2019,17.799999,2.6,164.779999,0
1/21/2019,17.799999,2.6,164.779999,0
1/22/2019,20.799999,2.59,164.059998,0
1/23/2019,19.52,2.59,162.770004,0
1/24/2019,18.889999,2.58,162.679993,0
1/25/2019,17.42,2.6,164.509995,0
1/28/2019,18.870001,2.6,163.020004,0
1/29/2019,19.129999,2.6,163.199997,0
1/30/2019,17.66,2.57,163.399994,0
1/31/2019,16.57,2.55,166.699997,0
2/1/2019,16.139999,2.56,167.330002,0
2/4/2019,15.73,2.57,167.479996,0
2/5/2019,15.57,2.56,169.759995,0
2/6/2019,15.38,2.56,171.070007,0
2/7/2019,16.370001,2.55,169.029999,0
2/8/2019,15.72,2.54,166.759995,0
2/11/2019,15.97,2.55,169.169998,0
2/12/2019,15.43,2.55,169.630005,0
2/13/2019,15.65,2.55,171.649994,0
2/14/2019,16.219999,2.53,170.399994,0
2/15/2019,14.91,2.55,172.520004,0
2/18/2019,14.91,2.55,172.520004,0
2/19/2019,14.88,2.54,171.410004,0
2/20/2019,14.02,2.54,172.399994,0
2/21/2019,14.46,2.55,171.789993,0
2/22/2019,13.51,2.55,171.990005,0
2/25/2019,14.85,2.56,174.210007,0
2/26/2019,15.17,2.56,173.100006,0
2/27/2019,14.7,2.55,172.899994,0
2/28/2019,14.78,2.54,173.050003,0
3/1/2019,13.57,2.55,174.440002,0
3/4/2019,14.63,2.54,175.539993,0
3/5/2019,14.74,2.54,174.550003,0
3/6/2019,15.74,2.54,174.720001,0
3/7/2019,16.59,2.52,173.119995,0
3/8/2019,16.049999,2.53,169.509995,0
3/11/2019,14.33,2.53,171.880005,0
3/12/2019,13.77,2.52,175.190002,0
3/13/2019,13.41,2.53,176.600006,0
3/14/2019,13.5,2.52,177.130005,0
3/15/2019,12.88,2.52,177.399994,0
3/18/2019,13.1,2.52,177.949997,0.324
3/19/2019,13.56,2.5,179.179993,0
3/20/2019,13.91,2.47,179.059998,0
3/21/2019,13.63,2.48,179.220001,0
3/22/2019,16.48,2.45,181.779999,0
3/25/2019,16.33,2.41,177.910004,0
3/26/2019,14.68,2.44,179.600006,0
3/27/2019,15.15,2.4,179.320007,0
3/28/2019,14.43,2.4,178.360001,0
3/29/2019,13.71,2.4,179.690002,0
4/1/2019,13.4,2.41,181.509995,0
4/2/2019,13.36,2.41,182.240005,0
4/3/2019,13.74,2.41,183.759995,0
4/4/2019,13.58,2.41,183.830002,0
4/5/2019,12.82,2.43,184.240005,0
4/8/2019,13.18,2.43,184.360001,0
4/9/2019,14.28,2.42,184.5,0
4/10/2019,13.3,2.41,184.720001,0
4/11/2019,13.02,2.44,185.779999,0
4/12/2019,12.01,2.44,185.850006,0
4/15/2019,12.32,2.43,185.839996,0
4/16/2019,12.18,2.45,186.539993,0
4/17/2019,12.6,2.44,187.75,0
4/18/2019,12.09,2.44,187.460007,0
4/19/2019,12.09,2.44,187.460007,0
4/22/2019,12.42,2.46,186.570007,0
4/23/2019,12.28,2.43,188.399994,0
4/24/2019,13.14,2.42,190.470001,0
4/25/2019,13.25,2.42,191.130005,0
4/26/2019,12.73,2.41,190.179993,0
4/29/2019,13.11,2.42,190.649994,0
4/30/2019,13.12,2.39,189.479996,0
5/1/2019,14.8,2.39,190.779999,0
5/2/2019,14.42,2.41,188.869995,0
5/3/2019,12.87,2.41,189.669998,0
5/6/2019,15.44,2.39,187.050003,0
5/7/2019,19.32,2.37,187.869995,0
5/8/2019,19.4,2.37,185.630005,0
5/9/2019,19.1,2.36,183.699997,0
5/10/2019,16.040001,2.36,184.110001,0
5/13/2019,20.549999,2.32,180.289993,0
5/14/2019,18.059999,2.32,179.520004,0
5/15/2019,16.440001,2.3,179.350006,0
5/16/2019,15.29,2.33,183.169998,0
5/17/2019,15.96,2.33,183.100006,0
5/20/2019,16.309999,2.34,180.490005,0
5/21/2019,14.95,2.36,181.5,0
5/22/2019,14.75,2.37,180.820007,0
5/23/2019,16.92,2.32,178.940002,0
5/24/2019,15.85,2.33,179.210007,0
5/27/2019,15.85,2.33,179.210007,0
5/28/2019,17.5,2.31,178.660004,0
5/29/2019,17.9,2.3,176.389999,0
5/30/2019,17.299999,2.29,176.5,0
5/31/2019,18.709999,2.21,174.690002,0
6/3/2019,18.860001,2.11,173.479996,0
6/4/2019,16.969999,2.11,172.029999,0
6/5/2019,16.09,2.04,176.580002,0
6/6/2019,15.93,2.02,176.509995,0
6/7/2019,16.299999,1.97,178.559998,0
6/10/2019,15.94,2.03,182.25,0
6/11/2019,15.99,2.05,185.059998,0
6/12/2019,15.91,2.02,182.899994,0
6/13/2019,15.82,2,183.100006,0
6/14/2019,15.28,2,182.479996,0
6/17/2019,15.35,2.03,183.039993,0
6/18/2019,15.15,2.04,185.910004,0
6/19/2019,14.33,1.96,186.660004,0
6/20/2019,14.75,1.91,189.720001,0
6/21/2019,15.4,1.95,188.630005,0
6/24/2019,15.26,1.92,188.529999,0.416
6/25/2019,16.280001,1.93,188.029999,0
6/26/2019,16.209999,1.96,186.160004,0
6/27/2019,15.82,1.93,186.460007,0
6/28/2019,15.08,1.92,186.949997,0
7/1/2019,14.06,1.94,190.320007,0
7/2/2019,12.93,1.91,189.199997,0
7/3/2019,12.57,1.91,190.490005,0
7/4/2019,12.57,1.91,190.490005,0
7/5/2019,13.28,1.98,190.130005,0
7/8/2019,13.96,1.99,189.809998,0
7/9/2019,14.09,2,188.809998,0
7/10/2019,13.03,1.93,191.820007,0
7/11/2019,12.93,1.97,192.850006,0
7/12/2019,12.39,1.96,192.630005,0
7/15/2019,12.68,1.95,193.979996,0
7/16/2019,12.86,2,193.910004,0
7/17/2019,13.97,1.95,193.149994,0
7/18/2019,13.53,1.9,191.289993,0
7/19/2019,14.45,1.94,193.740005,0
7/22/2019,13.53,1.95,191.440002,0
7/23/2019,12.61,1.97,193.580002,0
7/24/2019,12.07,1.98,193.050003,0
7/25/2019,12.74,1.99,194.490005,0
7/26/2019,12.16,2,194.529999,0
7/29/2019,12.83,1.98,195.110001,0
7/30/2019,13.94,1.97,193.130005,0
7/31/2019,16.120001,2,194.300003,0
8/1/2019,17.870001,1.88,191.429993,0
8/2/2019,17.610001,1.85,188.720001,0
8/5/2019,24.59,1.78,183.429993,0
8/6/2019,20.17,1.8,182.399994,0
8/7/2019,19.49,1.75,181.270004,0
8/8/2019,16.91,1.79,185.080002,0
8/9/2019,17.969999,1.78,187.360001,0
8/12/2019,21.09,1.75,185.339996,0
8/13/2019,17.52,1.86,184.190002,0
8/14/2019,22.1,1.79,185.360001,0
8/15/2019,21.18,1.72,183,0
8/16/2019,18.469999,1.71,184.210007,0
8/19/2019,16.879999,1.75,188.160004,0
8/20/2019,17.5,1.72,187.960007,0
8/21/2019,15.8,1.77,188.610001,0
8/22/2019,16.68,1.79,188.979996,0
8/23/2019,19.870001,1.73,186.740005,0
8/26/2019,19.32,1.75,184.139999,0
8/27/2019,20.309999,1.77,186.110001,0
8/28/2019,19.35,1.74,183.830002,0
8/29/2019,17.879999,1.75,187.389999,0
8/30/2019,18.98,1.76,188.929993,0
9/2/2019,18.98,1.76,188.929993,0
9/3/2019,19.66,1.72,186.220001,0
9/4/2019,17.33,1.69,187.440002,0
9/5/2019,16.27,1.73,190.410004,0
9/6/2019,15,1.73,192.100006,0
9/9/2019,15.27,1.74,192.190002,0
9/10/2019,15.2,1.81,190.160004,0
9/11/2019,14.61,1.79,191,0
9/12/2019,14.22,1.82,193.610001,0
9/13/2019,13.74,1.88,192.949997,0
9/16/2019,14.67,1.86,191.300003,0
9/17/2019,14.44,1.87,191.699997,0
9/18/2019,13.95,1.87,192.199997,0
9/19/2019,14.05,1.88,192.860001,0
9/20/2019,15.32,1.84,193.110001,0
9/23/2019,14.91,1.81,190.360001,0.384
9/24/2019,17.049999,1.78,191.369995,0
9/25/2019,15.96,1.82,187.779999,0
9/26/2019,16.07,1.79,189.830002,0
9/27/2019,17.219999,1.74,189.729996,0
9/30/2019,16.24,1.75,187.789993,0
10/1/2019,18.559999,1.73,189.5,0
10/2/2019,20.559999,1.67,186,0
10/3/2019,19.120001,1.58,184.029999,0
10/4/2019,17.040001,1.58,187.080002,0
10/7/2019,17.860001,1.64,188.270004,0
10/8/2019,20.280001,1.62,187.059998,0
10/9/2019,18.639999,1.59,186.990005,0
10/10/2019,17.57,1.63,187.279999,0
10/11/2019,15.58,1.67,190.830002,0
10/14/2019,14.57,1.67,190.839996,0
10/15/2019,13.54,1.65,191.679993,0
10/16/2019,13.68,1.59,192.860001,0
10/17/2019,13.79,1.59,194.199997,0
10/18/2019,14.25,1.58,193.199997,0
10/21/2019,14,1.59,192.710007,0
10/22/2019,14.46,1.59,194.149994,0
10/23/2019,14.01,1.58,191.460007,0
10/24/2019,13.71,1.59,193.589996,0
10/25/2019,12.65,1.6,193.089996,0
10/28/2019,13.11,1.6,196.550003,0
10/29/2019,13.2,1.59,197.240005,0
10/30/2019,12.33,1.59,196.419998,0
10/31/2019,13.22,1.53,197.559998,0
11/1/2019,12.3,1.53,197.929993,0
11/4/2019,12.83,1.56,200.190002,0
11/5/2019,13.1,1.62,200.350006,0
11/6/2019,12.62,1.58,199.979996,0
11/7/2019,12.73,1.58,200.759995,0
11/8/2019,12.07,1.58,200.070007,0
11/11/2019,12.69,1.58,200.210007,0
11/12/2019,12.68,1.58,201.130005,0
11/13/2019,13,1.57,200.839996,0
11/14/2019,13.05,1.55,200.830002,0
11/15/2019,12.05,1.54,202.649994,0
11/18/2019,12.46,1.54,202.589996,0
11/19/2019,12.86,1.54,203.839996,0
11/20/2019,12.78,1.54,202.839996,0
11/21/2019,13.13,1.55,201.929993,0
11/22/2019,12.34,1.56,202.199997,0
11/25/2019,11.87,1.58,202.699997,0
11/26/2019,11.54,1.59,204.350006,0
11/27/2019,11.75,1.6,205.139999,0
11/28/2019,11.75,1.6,205.139999,0
11/29/2019,12.62,1.6,205.520004,0
12/2/2019,14.91,1.6,205.110001,0
12/3/2019,15.96,1.57,200.210007,0
12/4/2019,14.8,1.56,202.440002,0
12/5/2019,14.52,1.56,203.149994,0
12/6/2019,13.62,1.57,204.309998,0
12/9/2019,15.86,1.56,204.630005,0
12/10/2019,15.68,1.56,204.169998,0
12/11/2019,14.99,1.55,204.360001,0
12/12/2019,13.94,1.55,204.770004,0
12/13/2019,12.63,1.54,206.399994,0
12/16/2019,12.14,1.54,208.550003,0
12/17/2019,12.29,1.53,209.539993,0
12/18/2019,12.58,1.54,209.570007,0
12/19/2019,12.5,1.52,209.639999,0
12/20/2019,12.51,1.52,211.860001,0
12/23/2019,12.61,1.53,212,0.458
12/24/2019,12.67,1.53,212,0
12/25/2019,12.67,1.53,212,0
12/26/2019,12.65,1.53,212.259995,0
12/27/2019,13.43,1.51,214.539993,0
12/30/2019,14.82,1.57,213.5,0
12/31/2019,13.78,1.59,211.529999,0
1/1/2020,13.78,1.59,211.529999,0
1/2/2020,12.47,1.56,214.399994,0
1/3/2020,14.02,1.55,213.300003,0
1/6/2020,13.85,1.54,212.5,0
1/7/2020,13.79,1.53,215.639999,0
1/8/2020,13.45,1.55,215.5,0
1/9/2020,12.54,1.54,218.940002,0
1/10/2020,12.56,1.53,219.850006,0
1/13/2020,12.32,1.53,219.330002,0
1/14/2020,12.39,1.53,220.839996,0
1/15/2020,12.42,1.54,220.199997,0
1/16/2020,12.32,1.54,221.270004,0
1/17/2020,12.1,1.56,223.279999,0
1/20/2020,12.1,1.56,223.279999,0
1/21/2020,12.85,1.54,222.759995,0
1/22/2020,12.91,1.55,224.410004,0
1/23/2020,12.98,1.55,223.740005,0
1/24/2020,14.56,1.55,225.639999,0
1/27/2020,18.23,1.53,217.669998,0
1/28/2020,16.280001,1.53,219.639999,0
1/29/2020,16.389999,1.51,222.679993,0
1/30/2020,15.49,1.48,220.380005,0
1/31/2020,18.84,1.45,223.529999,0
2/3/2020,17.969999,1.46,220.139999,0
2/4/2020,16.049999,1.48,225.419998,0
2/5/2020,15.15,1.49,230.210007,0
2/6/2020,14.96,1.51,228.789993,0
2/7/2020,15.47,1.49,229.160004,0
2/10/2020,15.04,1.45,228.440002,0
2/11/2020,15.18,1.48,233.25,0
2/12/2020,13.74,1.49,233.380005,0
2/13/2020,14.15,1.48,232.639999,0
2/14/2020,13.68,1.49,234.339996,0
2/17/2020,13.68,1.49,234.339996,0
2/18/2020,14.83,1.47,233.5,0
2/19/2020,14.38,1.47,236.130005,0
2/20/2020,15.56,1.46,236.460007,0
2/21/2020,17.08,1.43,233.610001,0
2/24/2020,25.030001,1.35,221.679993,0
2/25/2020,27.85,1.3,223.25,0
2/26/2020,27.559999,1.26,216.710007,0
2/27/2020,39.16,1.18,210.899994,0
2/28/2020,40.110001,0.97,198.639999,0
3/2/2020,33.419998,0.89,208.880005,0
3/3/2020,36.82,0.73,217.110001,0
3/4/2020,31.99,0.59,213.320007,0
3/5/2020,39.619999,0.48,212.690002,0
3/6/2020,41.939999,0.39,204.669998,0
3/9/2020,54.459999,0.31,193.479996,0
3/10/2020,47.299999,0.43,201.110001,0
3/11/2020,53.900002,0.4,199.350006,0
3/12/2020,75.470001,0.39,182.089996,0
3/13/2020,57.830002,0.38,187.070007,0
3/16/2020,82.690002,0.29,174.149994,0
3/17/2020,75.910004,0.3,175.470001,0
3/18/2020,76.449997,0.21,171.610001,0
3/19/2020,72,0.2,175.690002,0
3/20/2020,66.040001,0.15,181.740005,0
3/23/2020,61.59,0.17,170.919998,0.363
3/24/2020,61.669998,0.25,179.910004,0
3/25/2020,63.950001,0.19,184.419998,0
3/26/2020,61,0.13,183.869995,0
3/27/2020,65.540001,0.11,186.929993,0
3/30/2020,57.080002,0.14,187.059998,0
3/31/2020,53.540001,0.17,191.720001,0
4/1/2020,57.060001,0.16,184.770004,0
4/2/2020,50.91,0.14,181.240005,0
4/3/2020,46.799999,0.15,185.550003,0
4/6/2020,45.240002,0.2,190.479996,0
4/7/2020,46.700001,0.2,202.369995,0
4/8/2020,43.349998,0.23,198.149994,0
4/9/2020,41.669998,0.25,202.350006,0
4/10/2020,41.669998,0.25,202.350006,0
4/13/2020,41.169998,0.27,200,0
4/14/2020,37.759998,0.25,207.229996,0
4/15/2020,40.84,0.19,208.479996,0
4/16/2020,40.110001,0.17,211.690002,0
4/17/2020,38.150002,0.16,216.169998,0
4/20/2020,43.830002,0.15,213.360001,0
4/21/2020,45.41,0.17,210.600006,0
4/22/2020,41.98,0.16,209.100006,0
4/23/2020,41.380001,0.17,211.789993,0
4/24/2020,35.93,0.18,210.970001,0
4/27/2020,33.290001,0.17,216.190002,0
4/28/2020,33.57,0.16,217.320007,0
4/29/2020,31.23,0.18,216.190002,0
4/30/2020,34.150002,0.16,219.949997,0
5/1/2020,37.189999,0.17,214.5,0
5/4/2020,35.970001,0.16,211.460007,0
5/5/2020,33.610001,0.16,217.440002,0
5/6/2020,34.119999,0.16,219.399994,0
5/7/2020,31.440001,0.15,221.820007,0
5/8/2020,27.98,0.15,223.550003,0
5/11/2020,27.57,0.16,223.490005,0
5/12/2020,33.040001,0.16,227.490005,0
5/13/2020,35.279999,0.15,222.660004,0
5/14/2020,32.610001,0.15,217.970001,0
5/15/2020,31.889999,0.15,218.779999,0
5/18/2020,29.299999,0.17,226.279999,0
5/19/2020,30.530001,0.16,227.699997,0
5/20/2020,27.99,0.16,229.5,0
5/21/2020,29.530001,0.16,231.440002,0
5/22/2020,28.16,0.17,228.449997,0
5/25/2020,28.16,0.17,228.449997,0
5/26/2020,28.01,0.17,233.360001,0
5/27/2020,27.620001,0.18,228.690002,0
5/28/2020,28.59,0.17,229.110001,0
5/29/2020,27.51,0.17,230.380005,0
6/1/2020,28.23,0.17,232.460007,0
6/2/2020,26.84,0.17,234.5,0
6/3/2020,25.66,0.17,236.259995,0
6/4/2020,25.809999,0.17,236.330002,0
6/5/2020,24.52,0.18,236.220001,0
6/8/2020,25.809999,0.19,239.539993,0
6/9/2020,27.57,0.19,240.660004,0
6/10/2020,27.57,0.18,245.050003,0
6/11/2020,40.790001,0.19,242.160004,0
6/12/2020,36.09,0.18,239.089996,0
6/15/2020,34.400002,0.17,232.440002,0
6/16/2020,33.669998,0.18,243.779999,0
6/17/2020,33.470001,0.19,244.399994,0
6/18/2020,32.939999,0.19,243.289993,0
6/19/2020,35.119999,0.18,246.729996,0
6/22/2020,31.77,0.17,243.679993,0.424
6/23/2020,31.370001,0.18,248.389999,0
6/24/2020,33.84,0.17,248.059998,0
6/25/2020,32.220001,0.17,243.800003,0
6/26/2020,34.73,0.17,245.779999,0
6/29/2020,31.780001,0.16,239.970001,0
6/30/2020,30.43,0.16,242.770004,0
7/1/2020,28.620001,0.16,247.639999,0
7/2/2020,27.68,0.16,253.020004,0
7/3/2020,27.68,0.16,253.020004,0
7/6/2020,27.940001,0.16,255.449997,0
7/7/2020,29.43,0.15,258.130005,0
7/8/2020,28.08,0.15,257.980011,0
7/9/2020,29.26,0.15,261.970001,0
7/10/2020,27.290001,0.15,262.029999,0
7/13/2020,32.189999,0.16,266.910004,0
7/14/2020,29.52,0.17,255.929993,0
7/15/2020,27.76,0.15,261.829987,0
7/16/2020,28,0.14,258.019989,0
7/17/2020,25.68,0.14,259.589996,0
7/20/2020,24.459999,0.14,260.079987,0
7/21/2020,24.84,0.15,268.399994,0
7/22/2020,24.32,0.14,264.51001,0
7/23/2020,26.08,0.14,264.51001,0
7/24/2020,25.84,0.16,254.039993,0
7/27/2020,24.74,0.14,257.26001,0
7/28/2020,25.440001,0.14,259.309998,0
7/29/2020,24.1,0.13,258.399994,0
7/30/2020,24.76,0.11,257.73999,0
7/31/2020,24.459999,0.11,265.910004,0
8/3/2020,24.280001,0.12,268,0
8/4/2020,23.76,0.14,268.859985,0
8/5/2020,22.99,0.12,270.880005,0
8/6/2020,22.65,0.14,270.850006,0
8/7/2020,22.209999,0.14,274.079987,0
8/10/2020,22.129999,0.13,271.769989,0
8/11/2020,24.030001,0.15,269.109985,0
8/12/2020,22.280001,0.13,267.420013,0
8/13/2020,22.129999,0.14,272.660004,0
8/14/2020,22.049999,0.13,273.119995,0
8/17/2020,21.35,0.13,273.929993,0
8/18/2020,21.51,0.13,276.420013,0
8/19/2020,22.540001,0.13,277.929993,0
8/20/2020,22.719999,0.12,275.279999,0
8/21/2020,22.540001,0.13,280.130005,0
8/24/2020,22.370001,0.14,285.25,0
8/25/2020,22.030001,0.13,282.829987,0
8/26/2020,23.27,0.12,287.149994,0
8/27/2020,24.469999,0.13,292.970001,0
8/28/2020,22.959999,0.12,292.329987,0
8/31/2020,26.41,0.12,293.070007,0
9/1/2020,26.120001,0.12,297.619995,0
9/2/2020,26.57,0.13,303.279999,0
9/3/2020,33.599998,0.12,298.100006,0
9/4/2020,30.75,0.13,285.559998,0
9/7/2020,30.75,0.13,285.559998,0
9/8/2020,31.459999,0.15,272.220001,0
9/9/2020,28.809999,0.14,275.640015,0
9/10/2020,29.709999,0.15,280.940002,0
9/11/2020,26.870001,0.13,274.149994,0
9/14/2020,25.85,0.14,274.359985,0
9/15/2020,25.59,0.13,279.029999,0
9/16/2020,26.040001,0.12,279.880005,0
9/17/2020,26.459999,0.12,267.549988,0
9/18/2020,25.83,0.13,271.790009,0
9/21/2020,27.780001,0.12,262.470001,0
9/22/2020,26.860001,0.12,269.98999,0
9/23/2020,28.58,0.13,272.149994,0
9/24/2020,28.51,0.12,261.390015,0
9/25/2020,26.379999,0.12,265.910004,0
9/28/2020,26.190001,0.12,276.579987,0
9/29/2020,26.27,0.12,276.619995,0
9/30/2020,26.370001,0.12,276.149994,0
10/1/2020,26.700001,0.12,281.790009,0
10/2/2020,27.629999,0.12,276.019989,0
10/5/2020,27.959999,0.12,276.339996,0
10/6/2020,29.48,0.14,279.450012,0
10/7/2020,28.059999,0.13,277.890015,0
10/8/2020,26.360001,0.13,282.399994,0
10/9/2020,25,0.15,283.109985,0
10/12/2020,25.07,0.15,290.549988,0
10/13/2020,26.07,0.13,296.390015,0
10/14/2020,26.4,0.13,295.350006,0
10/15/2020,26.969999,0.12,287.200012,0
10/16/2020,27.41,0.12,291.799988,0
10/19/2020,29.18,0.13,290.48999,0
10/20/2020,29.35,0.13,284.559998,0
10/21/2020,28.65,0.13,284.670013,0
10/22/2020,28.110001,0.13,285.049988,0
10/23/2020,27.549999,0.12,284.769989,0
10/26/2020,32.459999,0.12,282.380005,0
10/27/2020,33.349998,0.12,281.5,0
10/28/2020,40.279999,0.12,278.01001,0
10/29/2020,37.59,0.12,273,0
10/30/2020,38.02,0.13,274.339996,0
11/2/2020,37.130001,0.13,271.850006,0
11/3/2020,35.549999,0.14,271.959991,0
11/4/2020,29.57,0.12,283.589996,0
11/5/2020,27.58,0.12,293.529999,0
11/6/2020,24.860001,0.12,293.709991,0
11/9/2020,25.75,0.12,297.649994,0
11/10/2020,24.799999,0.12,285.170013,0
11/11/2020,23.450001,0.12,286.029999,0
11/12/2020,25.35,0.13,290.76001,0
11/13/2020,23.1,0.12,290.170013,0
11/16/2020,22.450001,0.12,290.619995,0
11/17/2020,22.709999,0.12,293.399994,0
11/18/2020,23.84,0.11,291.700012,0
11/19/2020,23.110001,0.11,289.540009,0
11/20/2020,23.700001,0.11,292.299988,0
11/23/2020,22.66,0.1,291.410004,0
11/24/2020,21.639999,0.11,291.48999,0
11/25/2020,21.25,0.11,295.570007,0
11/26/2020,21.25,0.11,295.570007,0
11/27/2020,20.84,0.11,298.309998,0
11/30/2020,20.57,0.11,299.339996,0
12/1/2020,20.77,0.12,301.970001,0
12/2/2020,21.17,0.11,302.25,0
12/3/2020,21.280001,0.1,304.170013,0
12/4/2020,20.790001,0.11,304.329987,0
12/7/2020,21.299999,0.1,305.709991,0
12/8/2020,20.68,0.1,306.76001,0
12/9/2020,22.27,0.1,308.070007,0
12/10/2020,22.52,0.1,299.209991,0
12/11/2020,23.309999,0.1,300.809998,0
12/14/2020,24.719999,0.1,303.079987,0
12/15/2020,22.889999,0.09,306.369995,0
12/16/2020,22.5,0.09,307.700012,0
12/17/2020,21.93,0.09,310.630005,0
12/18/2020,21.57,0.09,311.660004,0
12/21/2020,25.16,0.09,306.459991,0.561
12/22/2020,24.23,0.09,309.850006,0
12/23/2020,23.309999,0.09,309.809998,0
12/24/2020,21.530001,0.1,308.470001,0
12/25/2020,21.530001,0.1,308.470001,0
12/28/2020,21.700001,0.11,312.25,0
12/29/2020,23.08,0.11,314.049988,0
12/30/2020,22.77,0.12,314.160004,0
12/31/2020,22.75,0.1,312.869995,0
1/1/2021,22.75,0.1,312.869995,0
1/4/2021,26.969999,0.1,315.109985,0
1/5/2021,25.34,0.1,308.290009,0
1/6/2021,25.07,0.11,307,0
1/7/2021,22.370001,0.11,310.279999,0
1/8/2021,21.559999,0.1,317.339996,0
1/11/2021,24.08,0.1,315.980011,0
1/12/2021,23.33,0.11,314.459991,0
1/13/2021,22.209999,0.12,314.190002,0
1/14/2021,23.25,0.1,316.5,0
1/15/2021,24.34,0.1,314.130005,0
1/18/2021,24.34,0.1,314.130005,0
1/19/2021,23.24,0.1,314.25,0
1/20/2021,21.58,0.1,320.140015,0
1/21/2021,21.32,0.1,325.149994,0
1/22/2021,21.91,0.1,325.290009,0
1/25/2021,23.190001,0.1,328.910004,0
1/26/2021,23.02,0.09,328.850006,0
1/27/2021,37.209999,0.09,326.26001,0
1/28/2021,30.209999,0.08,320.670013,0
1/29/2021,33.09,0.1,319.579987,0
2/1/2021,30.24,0.08,318.109985,0
2/2/2021,25.559999,0.08,325.480011,0
2/3/2021,22.91,0.08,329.820007,0
2/4/2021,21.77,0.07,327.820007,0
2/5/2021,20.870001,0.06,331.220001,0
2/8/2021,21.24,0.07,333.100006,0
2/9/2021,21.629999,0.07,332.619995,0
2/10/2021,21.99,0.07,334.98999,0
2/11/2021,21.25,0.07,334.329987,0
2/12/2021,19.969999,0.06,333.709991,0
2/15/2021,19.969999,0.06,333.709991,0
2/16/2021,21.459999,0.08,337.269989,0
2/17/2021,21.5,0.07,332.470001,0
2/18/2021,22.49,0.06,330.230011,0
2/19/2021,22.049999,0.07,333.859985,0
2/22/2021,23.450001,0.06,326.5,0
2/23/2021,23.110001,0.08,317,0
2/24/2021,21.34,0.08,318.73999,0
2/25/2021,28.889999,0.09,321.390015,0
2/26/2021,27.950001,0.08,315.850006,0
3/1/2021,23.35,0.08,319.269989,0
3/2/2021,24.1,0.08,324.25,0
3/3/2021,26.67,0.08,317.269989,0
3/4/2021,28.57,0.08,308.779999,0
3/5/2021,24.66,0.08,306.799988,0
3/8/2021,25.469999,0.09,308.119995,0
3/9/2021,24.030001,0.1,307.470001,0
3/10/2021,22.559999,0.08,316.160004,0
3/11/2021,21.91,0.08,315.769989,0
3/12/2021,20.690001,0.09,313.859985,0
3/15/2021,20.030001,0.08,315.790009,0
3/16/2021,19.790001,0.07,321.089996,0
3/17/2021,19.23,0.07,317.450012,0
3/18/2021,21.58,0.08,316.869995,0
3/19/2021,20.950001,0.07,311.869995,0
3/22/2021,18.879999,0.06,315.209991,0.395
3/23/2021,20.299999,0.08,319.730011,0
3/24/2021,21.200001,0.07,318.630005,0
3/25/2021,19.809999,0.07,309.970001,0
3/26/2021,18.860001,0.06,311.109985,0
3/29/2021,20.74,0.06,315.450012,0
3/30/2021,19.610001,0.06,313.890015,0
3/31/2021,19.4,0.07,316.160004,0
4/1/2021,17.33,0.06,323.070007,0
4/2/2021,17.33,0.07,323.070007,0
4/5/2021,17.91,0.06,327.130005,0
4/6/2021,18.120001,0.06,330.730011,0
4/7/2021,17.16,0.06,330.329987,0
4/8/2021,16.950001,0.05,334.559998,0
4/9/2021,16.690001,0.06,333.679993,0
4/12/2021,16.91,0.06,336.040009,0
4/13/2021,16.65,0.06,338.23999,0
4/14/2021,16.99,0.06,340.850006,0
4/15/2021,16.57,0.06,339.470001,0
4/16/2021,16.25,0.06,342.149994,0
4/19/2021,17.290001,0.08,340.390015,0
4/20/2021,18.68,0.07,338.200012,0
4/21/2021,17.5,0.07,335.089996,0
4/22/2021,18.709999,0.06,338.890015,0
4/23/2021,17.33,0.07,335.850006,0
4/26/2021,17.639999,0.06,339.670013,0
4/27/2021,17.559999,0.06,341.929993,0
4/28/2021,17.280001,0.05,339.809998,0
4/29/2021,17.610001,0.05,342.369995,0
4/30/2021,18.610001,0.05,337.700012,0
5/3/2021,18.309999,0.06,339.230011,0
5/4/2021,19.48,0.06,333.559998,0
5/5/2021,19.15,0.06,332.25,0
5/6/2021,18.389999,0.05,328.76001,0
5/7/2021,16.690001,0.05,334.369995,0
5/10/2021,19.66,0.05,332.779999,0
5/11/2021,21.84,0.05,319.700012,0
5/12/2021,27.59,0.05,320.230011,0
5/13/2021,23.129999,0.05,319.920013,0
5/14/2021,18.809999,0.06,322.600006,0
5/17/2021,19.719999,0.06,324.630005,0
5/18/2021,21.34,0.06,325.390015,0
5/19/2021,22.18,0.05,316.660004,0
5/20/2021,20.67,0.05,324.119995,0
5/21/2021,20.15,0.04,330.429993,0
5/24/2021,18.4,0.04,329.369995,0
5/25/2021,18.84,0.04,334.070007,0
5/26/2021,17.360001,0.04,333.660004,0
5/27/2021,16.74,0.04,333.670013,0
5/28/2021,16.76,0.05,334.119995,0
5/31/2021,16.76,0.05,334.119995,0
6/1/2021,17.9,0.04,335.299988,0
6/2/2021,17.48,0.05,333.25,0
6/3/2021,18.040001,0.04,330.549988,0
6/4/2021,16.42,0.05,331.850006,0
6/7/2021,16.42,0.05,335.049988,0
6/8/2021,17.07,0.05,338.399994,0
6/9/2021,17.889999,0.05,338.170013,0
6/10/2021,16.1,0.05,337.190002,0
6/11/2021,15.65,0.05,340.359985,0
6/14/2021,16.389999,0.05,341.679993,0
6/15/2021,17.02,0.08,344.149994,0
6/16/2021,18.15,0.08,342.73999,0
6/17/2021,17.75,0.08,339.970001,0
6/18/2021,20.700001,0.09,343.630005,0
6/21/2021,17.889999,0.09,342.429993,0.397
6/22/2021,16.66,0.09,344.149994,0
6/23/2021,16.32,0.08,347.51001,0
6/24/2021,15.97,0.08,349.730011,0
6/25/2021,15.62,0.09,350.470001,0
6/28/2021,15.76,0.08,350.779999,0
6/29/2021,16.02,0.08,353.529999,0
6/30/2021,15.83,0.07,354.829987,0
7/1/2021,15.48,0.09,354.070007,0
7/2/2021,15.07,0.08,356.519989,0
7/5/2021,15.07,0.08,356.519989,0
7/6/2021,16.440001,0.07,359.26001,0
7/7/2021,16.200001,0.08,362.450012,0
7/8/2021,19,0.07,355.73999,0
7/9/2021,16.18,0.08,358.170013,0
7/12/2021,16.17,0.08,362.450012,0
7/13/2021,17.120001,0.08,362.029999,0
7/14/2021,16.33,0.08,364.829987,0
7/15/2021,17.01,0.07,362.980011,0
7/16/2021,18.450001,0.08,361.399994,0
7/19/2021,22.5,0.07,354.049988,0
7/20/2021,19.73,0.08,355.630005,0
7/21/2021,17.91,0.07,358.350006,0
7/22/2021,17.690001,0.07,361.769989,0
7/23/2021,17.200001,0.07,365.309998,0
7/26/2021,17.58,0.08,367.48999,0
7/27/2021,19.360001,0.07,368.220001,0
7/28/2021,18.309999,0.07,365.600006,0
7/29/2021,17.700001,0.08,365.25,0
7/30/2021,18.24,0.07,362.440002,0
8/2/2021,19.459999,0.07,366.279999,0
8/3/2021,18.040001,0.07,365.279999,0
8/4/2021,17.969999,0.07,366.769989,0
8/5/2021,17.280001,0.08,368.179993,0
8/6/2021,16.15,0.09,368.369995,0
8/9/2021,16.719999,0.08,368.519989,0
8/10/2021,16.790001,0.08,369.26001,0
8/11/2021,16.17,0.08,368.140015,0
8/12/2021,15.59,0.09,365.690002,0
8/13/2021,15.45,0.08,367.890015,0
8/16/2021,16.120001,0.08,367.670013,0
8/17/2021,17.91,0.07,366.149994,0
8/18/2021,21.57,0.07,365.179993,0
8/19/2021,21.67,0.06,360.220001,0
8/20/2021,18.559999,0.06,365.059998,0
8/23/2021,17.15,0.07,368.799988,0
8/24/2021,17.219999,0.06,373.839996,0
8/25/2021,16.790001,0.07,374.630005,0
8/26/2021,18.84,0.07,373.920013,0
8/27/2021,16.389999,0.07,373.070007,0
8/30/2021,16.190001,0.08,376.850006,0
8/31/2021,16.48,0.07,380.51001,0
9/1/2021,16.110001,0.07,381.040009,0
9/2/2021,16.41,0.07,381.970001,0
9/3/2021,16.41,0.08,379.220001,0
9/6/2021,16.41,0.08,379.220001,0
9/7/2021,18.139999,0.08,381.679993,0
9/8/2021,17.959999,0.08,381.929993,0
9/9/2021,18.799999,0.07,381.01001,0
9/10/2021,20.950001,0.08,381.230011,0
9/13/2021,19.370001,0.07,378.98999,0
9/14/2021,19.459999,0.07,377.859985,0
9/15/2021,18.18,0.07,375.730011,0
9/16/2021,18.690001,0.07,376.679993,0
9/17/2021,20.809999,0.07,377.820007,0
9/20/2021,25.709999,0.07,367.459991,0.414
9/21/2021,24.360001,0.07,367.579987,0
9/22/2021,20.870001,0.08,367.089996,0
9/23/2021,18.629999,0.08,370.76001,0
9/24/2021,17.75,0.08,370.649994,0
9/27/2021,18.76,0.09,370.200012,0
9/28/2021,23.25,0.09,365.670013,0
9/29/2021,22.559999,0.09,361.170013,0
9/30/2021,23.139999,0.09,360.970001,0
10/1/2021,21.1,0.09,358.600006,0
10/4/2021,22.959999,0.09,358.519989,0
10/5/2021,21.299999,0.09,353.709991,0
10/6/2021,21,0.1,354.079987,0
10/7/2021,19.540001,0.1,362.799988,0
10/8/2021,18.77,0.09,364.079987,0
10/11/2021,20,0.09,359.579987,0
10/12/2021,19.85,0.1,359.880005,0
10/13/2021,18.639999,0.11,359.51001,0
10/14/2021,16.860001,0.1,363.690002,0
10/15/2021,16.299999,0.12,367.880005,0
10/18/2021,16.309999,0.11,367.609985,0
10/19/2021,15.7,0.11,373.75,0
10/20/2021,15.49,0.1,375.940002,0
10/21/2021,15.01,0.12,374.160004,0
10/22/2021,15.43,0.13,375.980011,0
10/25/2021,15.24,0.14,375.559998,0
10/26/2021,15.98,0.14,380.230011,0
10/27/2021,16.98,0.12,379.579987,0
10/28/2021,16.530001,0.15,381.950012,0
10/29/2021,16.26,0.15,381.059998,0
11/1/2021,16.41,0.15,386.559998,0
11/2/2021,16.030001,0.15,386.799988,0
11/3/2021,15.1,0.17,389.549988,0
11/4/2021,15.44,0.14,394.480011,0
11/5/2021,16.48,0.14,400.040009,0
11/8/2021,17.219999,0.16,398.570007,0
11/9/2021,17.780001,0.14,399.160004,0
11/10/2021,18.73,0.17,392.470001,0
11/11/2021,17.66,0.17,392.570007,0
11/12/2021,16.290001,0.17,391.769989,0
11/15/2021,16.49,0.18,395.910004,0
11/16/2021,16.370001,0.17,393.859985,0
11/17/2021,17.110001,0.18,397.75,0
11/18/2021,17.59,0.18,399.730011,0
11/19/2021,17.91,0.18,403.429993,0
11/22/2021,19.17,0.2,405.570007,0
11/23/2021,19.379999,0.21,398.109985,0
11/24/2021,18.58,0.24,394.929993,0
11/25/2021,18.58,0.24,394.929993,0
11/26/2021,28.620001,0.2,396.109985,0
11/29/2021,22.959999,0.21,395.890015,0
11/30/2021,27.190001,0.24,398.779999,0
12/1/2021,31.120001,0.25,398.279999,0
12/2/2021,27.950001,0.27,385.799988,0
12/3/2021,30.67,0.26,391.309998,0
12/6/2021,27.18,0.28,383.630005,0
12/7/2021,21.889999,0.31,393.029999,0
12/8/2021,19.9,0.29,398.170013,0
12/9/2021,21.58,0.28,398.350006,0
12/10/2021,18.690001,0.27,396.619995,0
12/13/2021,20.309999,0.27,398,0
12/14/2021,21.889999,0.26,387.299988,0
12/15/2021,19.290001,0.29,387.940002,0
12/16/2021,20.57,0.26,398.040009,0
12/17/2021,21.57,0.27,383.329987,0
12/20/2021,22.870001,0.27,379.570007,0.491
12/21/2021,21.01,0.29,384.049988,0
12/22/2021,18.629999,0.28,388.910004,0
12/23/2021,17.959999,0.31,394.309998,0
12/24/2021,17.959999,0.31,394.309998,0
12/27/2021,17.68,0.33,398.25,0
12/28/2021,17.540001,0.39,404.399994,0
12/29/2021,16.950001,0.38,401.75,0
12/30/2021,17.33,0.38,401.329987,0
12/31/2021,17.219999,0.39,399.660004,0
1/3/2022,16.6,0.4,399.049988,0
1/4/2022,16.91,0.38,402.23999,0
1/5/2022,19.73,0.41,394.73999,0
1/6/2022,19.610001,0.45,382.420013,0
1/7/2022,18.76,0.43,384.029999,0
1/10/2022,19.4,0.46,374.820007,0
1/11/2022,18.41,0.46,379.359985,0
1/12/2022,17.620001,0.48,388.459991,0
1/13/2022,20.309999,0.47,388.769989,0
1/14/2022,19.190001,0.51,375.070007,0
1/17/2022,19.190001,0.51,375.070007,0
1/18/2022,22.790001,0.58,374.040009,0
1/19/2022,23.85,0.57,372.149994,0
1/20/2022,25.59,0.6,369.790009,0
1/21/2022,28.85,0.58,359.470001,0
1/24/2022,29.9,0.58,345.910004,0
1/25/2022,31.16,0.65,346.670013,0
1/26/2022,31.959999,0.7,352.910004,0
1/27/2022,30.49,0.75,349.399994,0
1/28/2022,27.66,0.75,343.029999,0
1/31/2022,24.83,0.78,353.200012,0
2/1/2022,21.959999,0.78,364.429993,0
2/2/2022,22.09,0.76,369.76001,0
2/3/2022,24.35,0.78,358.529999,0
2/4/2022,23.219999,0.89,354.079987,0
2/7/2022,22.860001,0.88,358.619995,0
2/8/2022,21.440001,0.91,353.959991,0
2/9/2022,19.959999,0.91,363.76001,0
2/10/2022,23.91,1.14,359.519989,0
2/11/2022,27.360001,1.07,358.429993,0
2/14/2022,28.33,1.13,346.48999,0
2/15/2022,25.700001,1.11,352.910004,0
2/16/2022,24.290001,1.09,353.820007,0
2/17/2022,28.110001,1.05,352.73999,0
2/18/2022,27.75,1.03,346.410004,0
2/21/2022,27.75,1.03,346.410004,0
2/22/2022,28.809999,1.17,338.48999,0
2/23/2022,31.02,1.16,341.320007,0
2/24/2022,30.32,1.08,318.839996,0
2/25/2022,27.59,1.13,341.309998,0
2/28/2022,30.15,1.01,342.51001,0
3/1/2022,33.32,0.91,345.75,0
3/2/2022,30.74,1.06,343.079987,0
3/3/2022,30.48,1.08,349.929993,0
3/4/2022,31.98,1.05,339.839996,0
3/7/2022,36.450001,1.07,337.290009,0
3/8/2022,35.130001,1.12,324.049988,0
3/9/2022,32.450001,1.15,331.75,0
3/10/2022,30.23,1.19,330.820007,0
3/11/2022,30.75,1.22,334.320007,0
3/14/2022,31.77,1.28,323.130005,0
3/15/2022,29.83,1.28,320.880005,0
3/16/2022,26.67,1.35,332.170013,0
3/17/2022,25.67,1.3,338.369995,0
3/18/2022,23.870001,1.29,342.73999,0
3/21/2022,23.530001,1.4,350.200012,0.434
3/22/2022,22.940001,1.59,350.589996,0
3/23/2022,23.57,1.52,354.01001,0
3/24/2022,21.67,1.55,353.799988,0
3/25/2022,20.809999,1.67,359.589996,0
3/28/2022,19.629999,1.69,359.339996,0
3/29/2022,18.9,1.67,368.899994,0
3/30/2022,19.33,1.64,369.279999,0
3/31/2022,20.559999,1.63,367.23999,0
4/1/2022,19.629999,1.72,362.809998,0
4/4/2022,18.57,1.72,362.709991,0
4/5/2022,21.030001,1.77,367.809998,0
4/6/2022,22.1,1.79,355.649994,0
4/7/2022,21.549999,1.78,352.23999,0
4/8/2022,21.16,1.81,352.320007,0
4/11/2022,24.370001,1.85,344.809998,0
4/12/2022,24.26,1.77,345.76001,0
4/13/2022,21.82,1.78,339.799988,0
4/14/2022,22.700001,1.84,346.440002,0
4/15/2022,22.700001,1.84,346.440002,0
4/18/2022,22.17,1.84,337.350006,0
4/19/2022,21.370001,1.94,338.029999,0
4/20/2022,20.32,1.93,347.089996,0
4/21/2022,22.68,2.01,345.190002,0
4/22/2022,28.209999,2.06,334.309998,0
4/25/2022,27.02,2.03,323.730011,0
4/26/2022,33.52,1.99,327.470001,0
4/27/2022,31.6,1.97,317.23999,0
4/28/2022,29.99,2.04,321.850006,0
4/29/2022,33.400002,2.1,323.700012,0
5/2/2022,32.34,2.1,312.829987,0
5/3/2022,29.25,2.16,318.5,0
5/4/2022,25.42,2.07,319.309998,0
5/5/2022,31.200001,2.08,325.170013,0
5/6/2022,30.190001,2.08,310.950012,0
5/9/2022,34.75,1.99,303.480011,0
5/10/2022,32.990002,2.01,304.51001,0
5/11/2022,32.560001,1.99,298.440002,0
5/12/2022,31.77,1.96,287.450012,0
5/13/2022,28.870001,2.04,295.720001,0
5/16/2022,27.469999,2.07,300.149994,0
5/17/2022,26.1,2.16,304.450012,0
5/18/2022,30.959999,2.16,301.540009,0
5/19/2022,29.35,2.11,289.290009,0
5/20/2022,29.43,2.07,293.130005,0
5/23/2022,28.48,2.09,289.75,0
5/24/2022,29.450001,2.02,288.130005,0
5/25/2022,28.370001,2.01,285.709991,0
5/26/2022,27.5,1.99,290.440002,0
5/27/2022,25.719999,2.01,302.540009,0
5/30/2022,25.719999,2.01,302.540009,0
5/31/2022,26.190001,2.08,309.070007,0
6/1/2022,25.690001,2.16,310.470001,0
6/2/2022,24.719999,2.15,304.850006,0
6/3/2022,24.790001,2.18,309.029999,0
6/6/2022,25.07,2.23,310.75,0
6/7/2022,24.02,2.26,303.809998,0
6/8/2022,23.959999,2.29,309.049988,0
6/9/2022,26.09,2.35,305.910004,0
6/10/2022,27.75,2.58,293.649994,0
6/13/2022,34.02,2.89,279.75,0
6/14/2022,32.689999,3.15,277.660004,0
6/15/2022,29.620001,2.93,279.420013,0
6/16/2022,32.950001,2.88,275.589996,0
6/17/2022,31.129999,2.86,272.179993,0
6/20/2022,31.129999,2.86,272.179993,0
6/21/2022,30.190001,2.92,278.75,0.527
6/22/2022,28.950001,2.79,278.519989,0
6/23/2022,29.049999,2.78,283.209991,0
6/24/2022,27.23,2.83,287.73999,0
6/27/2022,26.950001,2.89,296,0
6/28/2022,28.360001,2.88,293,0
6/29/2022,28.16,2.88,283.399994,0
6/30/2022,28.709999,2.8,280.75,0
7/1/2022,26.700001,2.79,278.950012,0
7/4/2022,26.700001,2.79,278.950012,0
7/5/2022,27.540001,2.77,278.309998,0
7/6/2022,26.73,2.82,287.350006,0
7/7/2022,26.08,2.87,289.630005,0
7/8/2022,24.639999,2.96,292.079987,0
7/11/2022,26.17,2.97,292.880005,0
7/12/2022,27.290001,3.07,290.320007,0
7/13/2022,26.82,3.21,280.600006,0
7/14/2022,26.4,3.16,282.98999,0
7/15/2022,24.23,3.12,289.730011,0
7/18/2022,25.299999,3.13,294.720001,0
7/19/2022,24.5,3.18,293.109985,0
7/20/2022,23.879999,3.18,298.730011,0
7/21/2022,23.110001,3.11,303.5,0
7/22/2022,23.030001,3.01,306.429993,0
7/25/2022,23.360001,3.07,302.019989,0
7/26/2022,24.690001,3.06,298.529999,0
7/27/2022,23.24,3,299.040009,0
7/28/2022,22.33,2.93,306.589996,0
7/29/2022,21.33,2.98,311.390015,0
8/1/2022,22.84,2.98,313.649994,0
8/2/2022,23.93,3.09,312.920013,0
8/3/2022,21.950001,3.14,316.049988,0
8/4/2022,21.440001,3.11,322.970001,0
8/5/2022,21.15,3.29,319.190002,0
8/8/2022,21.290001,3.3,322.690002,0
8/9/2022,21.77,3.33,318.769989,0
8/10/2022,19.74,3.26,324.589996,0
8/11/2022,20.200001,3.25,328.309998,0
8/12/2022,19.530001,3.26,326.179993,0
8/15/2022,19.950001,3.23,329.420013,0
8/16/2022,19.690001,3.26,332.059998,0
8/17/2022,19.9,3.27,329.070007,0
8/18/2022,19.559999,3.24,328.440002,0
8/19/2022,20.6,3.26,326.170013,0
8/22/2022,23.799999,3.32,318.5,0
8/23/2022,24.110001,3.29,314.119995,0
8/24/2022,22.82,3.35,313.609985,0
8/25/2022,21.780001,3.33,316.829987,0
8/26/2022,25.559999,3.36,320.279999,0
8/29/2022,26.209999,3.43,304.619995,0
8/30/2022,26.209999,3.48,306.100006,0
8/31/2022,25.870001,3.5,303.98999,0
9/1/2022,25.559999,3.51,296.720001,0
9/2/2022,25.469999,3.47,302.339996,0
9/5/2022,25.469999,3.47,302.339996,0
9/6/2022,26.91,3.61,295.660004,0
9/7/2022,24.639999,3.6,293.540009,0
9/8/2022,23.610001,3.6,296.850006,0
9/9/2022,22.790001,3.67,302.829987,0
9/12/2022,23.870001,3.7,308.5,0
9/13/2022,27.27,3.92,301.799988,0
9/14/2022,26.16,3.95,294.869995,0
9/15/2022,26.27,4,294.070007,0
9/16/2022,26.299999,3.96,287.720001,0
9/19/2022,25.76,4.05,286.100006,0.519
9/20/2022,27.16,4.03,288.48999,0
9/21/2022,27.99,4.08,289.589996,0
9/22/2022,27.35,4.08,282,0
9/23/2022,29.92,4.15,277.549988,0
9/26/2022,32.259998,4.17,275.029999,0
9/27/2022,32.599998,4.16,277.809998,0
9/28/2022,30.18,3.99,274.459991,0
9/29/2022,31.84,3.98,275.859985,0
9/30/2022,31.620001,4.05,271.029999,0
10/3/2022,30.1,4.01,269.070007,0
10/4/2022,29.07,4.15,278.98999,0
10/5/2022,28.549999,4.14,278.279999,0
10/6/2022,30.52,4.19,280.959991,0
10/7/2022,31.360001,4.24,275.019989,0
10/10/2022,32.450001,4.24,269.299988,0
10/11/2022,33.630001,4.28,264.700012,0
10/12/2022,33.57,4.28,263.399994,0
10/13/2022,31.940001,4.46,255.160004,0
10/14/2022,32.02,4.5,271.200012,0
10/17/2022,31.370001,4.5,266.839996,0
10/18/2022,30.5,4.5,276.529999,0
10/19/2022,30.76,4.6,269.929993,0
10/20/2022,29.98,4.66,269.579987,0
10/21/2022,29.690001,4.58,267.980011,0
10/24/2022,29.85,4.61,275.690002,0
10/25/2022,28.459999,4.6,279.410004,0
10/26/2022,27.280001,4.54,278.459991,0
10/27/2022,27.389999,4.5,276.790009,0
10/28/2022,25.75,4.55,272.230011,0
10/31/2022,25.879999,4.66,278.920013,0
11/1/2022,25.809999,4.75,281.5,0
11/2/2022,25.860001,4.76,275.079987,0
11/3/2022,25.299999,4.78,263.01001,0
11/4/2022,24.549999,4.76,265.529999,0
11/7/2022,24.35,4.8,265.75,0
11/8/2022,25.540001,4.77,269.140015,0
11/9/2022,26.09,4.75,267.76001,0
11/10/2022,23.530001,4.59,276.01001,0
11/11/2022,22.52,4.59,282.559998,0
11/14/2022,23.73,4.63,285.859985,0
11/15/2022,24.540001,4.6,292.209991,0
11/16/2022,24.110001,4.62,287.390015,0
11/17/2022,23.93,4.68,280.880005,0
11/18/2022,23.120001,4.74,287.890015,0
11/21/2022,22.360001,4.75,283.399994,0
11/22/2022,21.290001,4.79,282.640015,0
11/23/2022,20.35,4.75,285.970001,0
11/24/2022,20.35,4.75,285.970001,0
11/25/2022,20.5,4.76,287.190002,0
11/28/2022,22.209999,4.76,284.899994,0
11/29/2022,21.889999,4.78,282.940002,0
11/30/2022,20.58,4.74,280.839996,0
12/1/2022,19.84,4.66,293.690002,0
12/2/2022,19.059999,4.69,288.540009,0
12/5/2022,20.75,4.77,290.380005,0
12/6/2022,22.17,4.73,287.480011,0
12/7/2022,22.68,4.67,280.470001,0
12/8/2022,22.290001,4.71,281.910004,0
12/9/2022,22.83,4.72,282.809998,0
12/12/2022,25,4.75,282.220001,0
12/13/2022,22.549999,4.64,296.649994,0
12/14/2022,21.139999,4.64,288.049988,0
12/15/2022,22.83,4.65,282.329987,0
12/16/2022,22.620001,4.61,276.200012,0
12/19/2022,22.42,4.64,273.869995,0.655
12/20/2022,21.48,4.64,268.559998,0
12/21/2022,20.07,4.6,270.600006,0
12/22/2022,21.969999,4.64,270.380005,0
12/23/2022,20.870001,4.66,265.470001,0
12/26/2022,20.870001,4.66,265.470001,0
12/27/2022,21.65,4.75,266.73999,0
12/28/2022,22.139999,4.71,263.170013,0
12/29/2022,21.440001,4.71,262.959991,0
12/30/2022,21.67,4.73,263.619995,0
1/2/2023,21.67,4.73,263.619995,0
1/3/2023,22.9,4.72,268.649994,0
1/4/2023,22.01,4.71,266.640015,0
1/5/2023,22.459999,4.78,264.040009,0
1/6/2023,21.129999,4.71,263.350006,0
1/9/2023,21.969999,4.69,270.829987,0
1/10/2023,20.58,4.74,269.48999,0
1/11/2023,21.09,4.73,273.920013,0
1/12/2023,18.83,4.66,278.119995,0
1/13/2023,18.35,4.69,276.5,0
1/16/2023,18.35,4.69,276.5,0
1/17/2023,19.360001,4.67,280.769989,0
1/18/2023,20.34,4.63,283.109985,0
1/19/2023,20.52,4.65,276.220001,0
1/20/2023,19.85,4.68,276.790009,0
1/23/2023,19.809999,4.7,283.540009,0
1/24/2023,19.200001,4.7,287.309998,0
1/25/2023,19.08,4.67,283.769989,0
1/26/2023,18.73,4.68,291.220001,0
1/27/2023,18.51,4.68,292,0
1/30/2023,19.940001,4.71,292.929993,0
1/31/2023,19.4,4.68,290.309998,0
2/1/2023,17.870001,4.66,294.410004,0
2/2/2023,18.73,4.64,307.570007,0
2/3/2023,18.33,4.79,304.940002,0
2/6/2023,19.43,4.85,303.51001,0
2/7/2023,18.66,4.88,303.459991,0
2/8/2023,19.629999,4.87,308.540009,0
2/9/2023,20.709999,4.88,308.839996,0
2/10/2023,20.530001,4.89,299.480011,0
2/13/2023,20.34,4.91,301.130005,0
2/14/2023,18.91,4.99,302.890015,0
2/15/2023,18.23,4.96,304.899994,0
2/16/2023,20.17,4.99,304.380005,0
2/17/2023,20.02,5,301.070007,0
2/20/2023,20.02,5,301.070007,0
2/21/2023,22.870001,5.07,297.26001,0
2/22/2023,22.290001,5.07,294.619995,0
2/23/2023,21.139999,5.03,297.970001,0
2/24/2023,21.67,5.05,291.76001,0
2/27/2023,20.950001,5.03,295.070007,0
2/28/2023,20.700001,5.02,293.299988,0
3/1/2023,20.58,5.06,293.26001,0
3/2/2023,19.59,5.04,288.660004,0
3/3/2023,18.49,5.03,295.390015,0
3/6/2023,18.610001,5.05,300.940002,0
3/7/2023,19.59,5.22,300.070007,0
3/8/2023,19.110001,5.25,296.769989,0
3/9/2023,22.610001,5.18,298.329987,0
3/10/2023,24.799999,4.9,292.829987,0
3/13/2023,26.52,4.3,286.730011,0
3/14/2023,23.73,4.45,294.309998,0
3/15/2023,26.139999,4.19,294.709991,0
3/16/2023,22.99,4.49,298,0
3/17/2023,25.51,4.26,306.720001,0
3/20/2023,24.15,4.34,304.26001,0.472
3/21/2023,21.379999,4.68,307.940002,0
3/22/2023,22.26,4.56,310.269989,0
3/23/2023,22.610001,4.38,309.920013,0
3/24/2023,21.74,4.32,309.320007,0
3/27/2023,20.6,4.51,311.600006,0
3/28/2023,19.969999,4.55,308.170013,0
3/29/2023,19.120001,4.59,310.880005,0
3/30/2023,19.02,4.63,315.23999,0
3/31/2023,18.700001,4.64,315.910004,0
4/3/2023,18.549999,4.6,318.769989,0
4/4/2023,19,4.5,320.600006,0
4/5/2023,19.08,4.43,318.100006,0
4/6/2023,18.4,4.51,314.23999,0
4/7/2023,18.4,4.61,314.23999,0
4/10/2023,18.969999,4.65,315.070007,0
4/11/2023,19.1,4.67,317.829987,0
4/12/2023,19.09,4.64,317.820007,0
4/13/2023,17.799999,4.66,314.829987,0
4/14/2023,17.07,4.77,317.589996,0
4/17/2023,16.950001,4.8,318.149994,0
4/18/2023,16.83,4.81,320.98999,0
4/19/2023,16.459999,4.84,316.410004,0
4/20/2023,17.17,4.77,315.690002,0
4/21/2023,16.77,4.78,315.910004,0
4/24/2023,16.889999,4.76,316.380005,0
4/25/2023,18.76,4.6,314.290009,0
4/26/2023,18.84,4.64,313.440002,0
4/27/2023,17.030001,4.78,315.700012,0
4/28/2023,15.78,4.8,320.109985,0
5/1/2023,16.08,4.86,322.089996,0
5/2/2023,17.780001,4.74,322.119995,0
5/3/2023,18.34,4.7,319.75,0
5/4/2023,20.09,4.59,317.059998,0
5/5/2023,17.190001,4.73,318.470001,0
5/8/2023,16.98,4.79,322.420013,0
5/9/2023,17.709999,4.81,322,0
5/10/2023,16.940001,4.7,324.119995,0
5/11/2023,16.93,4.7,325.700012,0
5/12/2023,17.030001,4.75,326.73999,0
5/15/2023,17.120001,4.73,325.51001,0
5/16/2023,17.99,4.88,326.059998,0
5/17/2023,16.870001,4.92,328.23999,0
5/18/2023,16.049999,5.02,331.519989,0
5/19/2023,16.809999,5.02,337.48999,0
5/22/2023,17.209999,5.07,336.25,0
5/23/2023,18.530001,5.06,335.890015,0
5/24/2023,20.030001,5.12,331.369995,0
5/25/2023,19.139999,5.24,339.140015,0
5/26/2023,17.950001,5.25,340.76001,0
5/29/2023,17.950001,5.25,340.76001,0
5/30/2023,17.459999,5.22,352.709991,0
5/31/2023,17.940001,5.18,348.369995,0
6/1/2023,15.65,5.11,347.730011,0
6/2/2023,14.6,5.22,353.799988,0
6/5/2023,14.73,5.17,354.429993,0
6/6/2023,13.96,5.2,354.279999,0
6/7/2023,13.94,5.16,355.130005,0
6/8/2023,13.65,5.12,349.119995,0
6/9/2023,13.83,5.17,354.630005,0
6/12/2023,15.01,5.18,356.190002,0
6/13/2023,14.61,5.26,363.290009,0
6/14/2023,13.88,5.27,363.269989,0
6/15/2023,14.5,5.21,364.609985,0
6/16/2023,13.54,5.24,372.720001,0
6/19/2023,13.54,5.24,372.720001,0
6/20/2023,13.88,5.24,365.950012,0.504
6/21/2023,13.2,5.25,365.73999,0
6/22/2023,12.91,5.29,360.630005,0
6/23/2023,13.44,5.25,362.209991,0
6/26/2023,14.25,5.27,362,0
6/27/2023,13.74,5.33,359.25,0
6/28/2023,13.43,5.32,361.980011,0
6/29/2023,13.54,5.41,364.23999,0
6/30/2023,13.59,5.4,367.549988,0
7/3/2023,13.57,5.43,370.070007,0
7/4/2023,13.57,5.43,370.070007,0
7/5/2023,14.18,5.4,368.700012,0
7/6/2023,15.44,5.44,366.51001,0
7/7/2023,14.83,5.41,367.230011,0
7/10/2023,15.07,5.38,365.959991,0
7/11/2023,14.84,5.44,366.790009,0
7/12/2023,13.54,5.35,372.339996,0
7/13/2023,13.61,5.27,376.049988,0
7/14/2023,13.34,5.34,379.589996,0
7/17/2023,13.48,5.33,379.799988,0
7/18/2023,13.3,5.32,381.959991,0
7/19/2023,13.76,5.32,386.820007,0
7/20/2023,13.99,5.35,382.609985,0
7/21/2023,13.6,5.35,379.179993,0
7/24/2023,13.91,5.38,376.619995,0
7/25/2023,13.86,5.38,376.950012,0
7/26/2023,13.19,5.37,377.720001,0
7/27/2023,14.41,5.4,383.070007,0
7/28/2023,13.33,5.37,380.73999,0
7/31/2023,13.63,5.37,383.790009,0
8/1/2023,13.93,5.38,382.309998,0
8/2/2023,16.09,5.36,379.26001,0
8/3/2023,15.92,5.37,371.940002,0
8/4/2023,17.1,5.33,375.75,0
8/7/2023,15.77,5.3,373.880005,0
8/8/2023,15.99,5.35,372.640015,0
8/9/2023,15.96,5.35,372.290009,0
8/10/2023,15.85,5.33,370.970001,0
8/11/2023,14.84,5.36,365.98999,0
8/14/2023,14.82,5.37,365.429993,0
8/15/2023,16.459999,5.36,369.359985,0
8/16/2023,16.780001,5.37,365.869995,0
8/17/2023,17.889999,5.36,363.959991,0
8/18/2023,17.299999,5.35,355.26001,0
8/21/2023,17.129999,5.37,359.619995,0
8/22/2023,16.969999,5.39,366.549988,0
8/23/2023,15.98,5.35,364.579987,0
8/24/2023,17.200001,5.39,372.640015,0
8/25/2023,15.68,5.44,362.070007,0
8/28/2023,15.08,5.44,366.98999,0
8/29/2023,14.45,5.37,366.559998,0
8/30/2023,13.88,5.39,374.880005,0
8/31/2023,13.57,5.37,376.940002,0
9/1/2023,13.09,5.36,380.399994,0
9/4/2023,13.09,5.36,380.399994,0
9/5/2023,14.01,5.42,376.769989,0
9/6/2023,14.45,5.44,377.279999,0
9/7/2023,14.4,5.4,370.209991,0
9/8/2023,13.84,5.42,372.01001,0
9/11/2023,13.8,5.4,375.660004,0
9/12/2023,14.23,5.42,375.269989,0
9/13/2023,13.48,5.42,373.029999,0
9/14/2023,12.82,5.42,375.98999,0
9/15/2023,13.79,5.43,375.910004,0
9/18/2023,14,5.44,369.320007,0.536
9/19/2023,14.11,5.45,369.320007,0
9/20/2023,15.14,5.47,370.950012,0
9/21/2023,17.540001,5.46,360.799988,0
9/22/2023,17.200001,5.46,359.630005,0
9/25/2023,16.9,5.45,356.929993,0
9/26/2023,18.940001,5.45,356.98999,0
9/27/2023,18.219999,5.49,355.380005,0
9/28/2023,17.34,5.46,354.109985,0
9/29/2023,17.52,5.46,361.540009,0
10/2/2023,17.610001,5.49,358.540009,0
10/3/2023,19.780001,5.49,358.779999,0
10/4/2023,18.58,5.42,355.769989,0
10/5/2023,18.49,5.39,359.73999,0
10/6/2023,17.450001,5.43,355.649994,0
10/9/2023,17.700001,5.43,362.299988,0
10/10/2023,17.030001,5.37,366.899994,0
10/11/2023,16.09,5.38,369.940002,0
10/12/2023,16.690001,5.43,371.730011,0
10/13/2023,19.32,5.41,370.570007,0
10/16/2023,17.209999,5.42,366.619995,0
10/17/2023,17.879999,5.48,365.809998,0
10/18/2023,19.219999,5.47,365.670013,0
10/19/2023,21.4,5.44,364.809998,0
10/20/2023,21.709999,5.41,359.459991,0
10/23/2023,20.370001,5.42,353.26001,0
10/24/2023,18.969999,5.41,357.51001,0
10/25/2023,20.190001,5.43,356.700012,0
10/26/2023,20.68,5.39,349.119995,0
10/27/2023,21.27,5.39,346.429993,0
10/30/2023,19.75,5.41,347.829987,0
10/31/2023,18.139999,5.44,349.230011,0
11/1/2023,16.870001,5.37,351.720001,0
11/2/2023,15.66,5.38,361.540009,0
11/3/2023,14.91,5.29,364.75,0
11/6/2023,14.89,5.33,368.48999,0
11/7/2023,14.81,5.33,370.269989,0
11/8/2023,14.45,5.34,373.079987,0
11/9/2023,15.29,5.39,373.640015,0
11/10/2023,14.17,5.38,371.820007,0
11/13/2023,14.76,5.37,376.790009,0
11/14/2023,14.16,5.24,383.709991,0
11/15/2023,14.18,5.27,387.25,0
11/16/2023,14.32,5.23,384.839996,0
11/17/2023,13.8,5.24,385.209991,0
11/20/2023,13.41,5.25,386.049988,0
11/21/2023,13.35,5.24,389.01001,0
11/22/2023,12.85,5.26,390.570007,0
11/23/2023,12.85,5.26,390.570007,0
11/24/2023,12.46,5.27,389.649994,0
11/27/2023,12.69,5.24,389.01001,0
11/28/2023,12.69,5.21,388.410004,0
11/29/2023,12.98,5.12,392.690002,0
11/30/2023,12.92,5.16,390.079987,0
12/1/2023,12.63,5.05,387.75,0
12/4/2023,13.08,5.1,386.089996,0
12/5/2023,12.85,5.06,384.390015,0
12/6/2023,12.97,5.07,390.269989,0
12/7/2023,13.06,5.05,388.070007,0
12/8/2023,12.35,5.13,388.670013,0
12/11/2023,12.63,5.14,391.73999,0
12/12/2023,12.07,5.14,395.559998,0
12/13/2023,12.19,4.94,399.619995,0
12/14/2023,12.48,4.9,404.980011,0
12/15/2023,12.28,4.95,404.179993,0
12/18/2023,12.56,4.95,404.929993,0.808
12/19/2023,12.53,4.93,407.540009,0
12/20/2023,13.67,4.88,408.350006,0
12/21/2023,13.65,4.84,407.059998,0
12/22/2023,13.03,4.82,409,0
12/25/2023,13.03,4.82,409,0
12/26/2023,12.99,4.83,409.25,0
12/27/2023,12.43,4.79,410.950012,0.216
12/28/2023,12.47,4.82,412.670013,0
12/29/2023,12.45,4.79,411.279999,0
1/1/2024,12.45,4.79,411.279999,0
1/2/2024,13.2,4.8,405.839996,0
1/3/2024,14.04,4.81,399.929993,0
1/4/2024,14.13,4.85,396.440002,0
1/5/2024,13.35,4.84,396.450012,0
1/8/2024,13.08,4.82,397.98999,0
1/9/2024,12.76,4.82,401.910004,0
1/10/2024,12.69,4.82,406.070007,0
1/11/2024,12.44,4.75,409.790009,0
1/12/2024,12.7,4.65,410.399994,0
1/15/2024,12.7,4.65,410.399994,0
1/16/2024,13.84,4.7,408.309998,0
1/17/2024,14.79,4.8,406.170013,0
1/18/2024,14.13,4.8,410.519989,0
1/19/2024,13.3,4.84,415.220001,0
1/22/2024,13.19,4.83,423.410004,0
1/23/2024,12.55,4.81,422.429993,0
1/24/2024,13.14,4.83,427.440002,0
1/25/2024,13.45,4.76,428.359985,0
1/26/2024,13.26,4.78,424.440002,0
1/29/2024,13.6,4.76,424.269989,0
1/30/2024,13.31,4.8,427.100006,0
1/31/2024,14.35,4.73,420.850006,0
2/1/2024,13.88,4.68,418.790009,0
2/2/2024,13.85,4.81,423.799988,0
2/5/2024,13.67,4.87,429.070007,0
2/6/2024,13.06,4.82,429.609985,0
2/7/2024,12.83,4.83,430.410004,0
2/8/2024,12.79,4.83,432.109985,0
2/9/2024,12.93,4.86,433.940002,0
2/12/2024,13.93,4.87,436.940002,0
2/13/2024,15.85,4.99,427.279999,0
2/14/2024,14.38,4.94,431.26001,0
2/15/2024,14.01,4.93,433.920013,0
2/16/2024,14.24,4.98,434.890015,0
2/19/2024,14.24,4.98,434.890015,0
2/20/2024,15.42,4.97,428.549988,0
2/21/2024,15.34,4.98,424.549988,0
2/22/2024,14.54,5.02,434.48999,0
2/23/2024,13.75,5,439.649994,0
2/26/2024,13.74,5.03,437.600006,0
2/27/2024,13.43,5.03,437.670013,0
2/28/2024,13.84,5,435.429993,0
2/29/2024,13.4,5.01,438.230011,0
3/1/2024,13.11,4.94,439.899994,0
3/4/2024,13.49,4.98,445.609985,0
3/5/2024,14.46,4.94,440.940002,0
3/6/2024,14.5,4.95,440.320007,0
3/7/2024,14.44,4.93,442.420013,0
3/8/2024,14.74,4.92,445.809998,0
3/11/2024,15.22,4.95,437.51001,0
3/12/2024,13.84,5,439.730011,0
3/13/2024,13.75,5.01,442.649994,0
3/14/2024,14.4,5.04,441.5,0
3/15/2024,14.41,5.05,436.070007,0
3/18/2024,14.33,5.06,438.730011,0.573
3/19/2024,13.82,5.06,435.450012,0
3/20/2024,13.04,5.01,439.779999,0
3/21/2024,12.92,5.01,448.880005,0
3/22/2024,13.06,4.98,445.350006,0
3/25/2024,13.19,5,443.549988,0
3/26/2024,13.24,5,446.299988,0
3/27/2024,12.78,4.99,446.440002,0
3/28/2024,13.01,5.03,444.779999,0
3/29/2024,13.01,5.03,444.779999,0
4/1/2024,13.65,5.06,444.970001,0
4/2/2024,14.61,5.05,440.079987,0
4/3/2024,14.33,5.03,438.959991,0
4/4/2024,16.35,5,446.329987,0
4/5/2024,16.030001,5.05,436.779999,0
4/8/2024,15.19,5.07,441.410004,0
4/9/2024,14.98,5.03,442.959991,0
4/10/2024,15.8,5.19,437,0
4/11/2024,14.91,5.17,440.26001,0
4/12/2024,17.309999,5.13,441.100006,0
4/15/2024,19.23,5.16,442.059998,0
4/16/2024,18.4,5.18,430.899994,0
4/17/2024,18.209999,5.16,433.100006,0
4/18/2024,18,5.18,426.48999,0
4/19/2024,18.709999,5.17,422.220001,0
4/22/2024,16.940001,5.16,417.309998,0
4/23/2024,15.69,5.14,420.769989,0
4/24/2024,15.97,5.17,428.200012,0
4/25/2024,15.37,5.21,419.23999,0
4/26/2024,15.03,5.21,427.619995,0
4/29/2024,14.67,5.2,433.130005,0
4/30/2024,15.65,5.25,431.149994,0
5/1/2024,15.39,5.21,423.149994,0
5/2/2024,14.68,5.16,425.299988,0
5/3/2024,13.49,5.12,434.440002,0
5/6/2024,13.49,5.12,437.299988,0
5/7/2024,13.23,5.13,440.700012,0
5/8/2024,13,5.13,437.670013,0
5/9/2024,12.69,5.12,440.329987,0
5/10/2024,12.55,5.17,442.540009,0
5/13/2024,13.6,5.16,443.98999,0
5/14/2024,13.42,5.16,442.649994,0
5/15/2024,12.45,5.1,448.429993,0
5/16/2024,12.42,5.13,452.709991,0
5/17/2024,11.99,5.14,452.109985,0
5/20/2024,12.15,5.15,451.980011,0
5/21/2024,11.86,5.14,453.040009,0
5/22/2024,12.29,5.16,456.059998,0
5/23/2024,12.77,5.2,460.549988,0
5/24/2024,11.93,5.21,455.290009,0
5/27/2024,11.93,5.21,455.290009,0
5/28/2024,12.92,5.21,459.179993,0
5/29/2024,14.28,5.22,455.480011,0
5/30/2024,14.47,5.19,455.5,0
5/31/2024,12.92,5.18,451.779999,0
6/3/2024,13.11,5.14,454.570007,0
6/4/2024,13.16,5.11,452.869995,0
6/5/2024,12.63,5.08,457.980011,0
6/6/2024,12.58,5.08,464.220001,0
6/7/2024,12.22,5.17,463,0
6/10/2024,12.74,5.16,461.820007,0
6/11/2024,12.85,5.17,463.540009,0
6/12/2024,12.04,5.13,471.98999,0
6/13/2024,11.94,5.07,477.720001,0
6/14/2024,12.66,5.07,476.519989,0
6/17/2024,12.75,5.11,479.459991,0
6/18/2024,12.3,5.09,485.01001,0
6/19/2024,12.3,5.09,485.01001,0
6/20/2024,13.28,5.1,486.420013,0
6/21/2024,13.2,5.1,481.190002,0
